latitude,longitude,elevation,utc_offset_seconds,timezone,timezone_abbreviation
43.690685,7.1945705,17.0,0,GMT,GMT

time,temperature_2m (Â°C),relative_humidity_2m (%)
2024-11-01T00:00,14.0,63
2024-11-01T01:00,13.7,66
2024-11-01T02:00,13.8,64
2024-11-01T03:00,13.8,62
2024-11-01T04:00,13.4,63
2024-11-01T05:00,13.0,63
2024-11-01T06:00,12.7,64
2024-11-01T07:00,13.3,64
2024-11-01T08:00,16.2,62
2024-11-01T09:00,19.6,62
2024-11-01T10:00,21.8,46
2024-11-01T11:00,21.7,48
2024-11-01T12:00,21.2,61
2024-11-01T13:00,20.4,74
2024-11-01T14:00,19.9,78
2024-11-01T15:00,19.2,82
2024-11-01T16:00,18.5,86
2024-11-01T17:00,18.2,88
2024-11-01T18:00,17.4,87
2024-11-01T19:00,14.0,89
2024-11-01T20:00,13.9,82
2024-11-01T21:00,12.4,85
2024-11-01T22:00,11.7,85
2024-11-01T23:00,11.4,82
2024-11-02T00:00,11.5,77
2024-11-02T01:00,10.9,76
2024-11-02T02:00,11.0,73
2024-11-02T03:00,10.9,70
2024-11-02T04:00,11.0,67
2024-11-02T05:00,10.9,68
2024-11-02T06:00,10.3,71
2024-11-02T07:00,11.0,73
2024-11-02T08:00,15.2,74
2024-11-02T09:00,18.7,52
2024-11-02T10:00,19.4,52
2024-11-02T11:00,19.4,58
2024-11-02T12:00,19.3,63
2024-11-02T13:00,18.9,69
2024-11-02T14:00,18.6,74
2024-11-02T15:00,18.0,79
2024-11-02T16:00,16.0,91
2024-11-02T17:00,16.8,84
2024-11-02T18:00,15.1,86
2024-11-02T19:00,13.8,88
2024-11-02T20:00,14.5,84
2024-11-02T21:00,13.8,83
2024-11-02T22:00,13.5,82
2024-11-02T23:00,13.1,79
2024-11-03T00:00,12.6,75
2024-11-03T01:00,12.5,69
2024-11-03T02:00,11.7,69
2024-11-03T03:00,11.5,67
2024-11-03T04:00,11.5,66
2024-11-03T05:00,11.6,66
2024-11-03T06:00,11.5,68
2024-11-03T07:00,12.5,71
2024-11-03T08:00,16.5,73
2024-11-03T09:00,19.6,59
2024-11-03T10:00,20.4,56
2024-11-03T11:00,20.6,56
2024-11-03T12:00,20.6,59
2024-11-03T13:00,21.1,60
2024-11-03T14:00,20.6,63
2024-11-03T15:00,19.4,72
2024-11-03T16:00,16.9,89
2024-11-03T17:00,17.7,84
2024-11-03T18:00,15.6,87
2024-11-03T19:00,13.7,90
2024-11-03T20:00,14.3,85
2024-11-03T21:00,13.4,85
2024-11-03T22:00,12.6,86
2024-11-03T23:00,12.2,86
2024-11-04T00:00,12.0,85
2024-11-04T01:00,11.1,88
2024-11-04T02:00,11.0,87
2024-11-04T03:00,11.0,85
2024-11-04T04:00,11.1,83
2024-11-04T05:00,10.8,83
2024-11-04T06:00,10.7,82
2024-11-04T07:00,11.7,79
2024-11-04T08:00,15.8,72
2024-11-04T09:00,18.6,64
2024-11-04T10:00,19.3,62
2024-11-04T11:00,19.5,64
2024-11-04T12:00,19.6,65
2024-11-04T13:00,19.3,68
2024-11-04T14:00,18.9,72
2024-11-04T15:00,18.1,79
2024-11-04T16:00,15.8,92
2024-11-04T17:00,16.8,87
2024-11-04T18:00,16.4,89
2024-11-04T19:00,12.9,94
2024-11-04T20:00,13.5,88
2024-11-04T21:00,12.6,86
2024-11-04T22:00,11.9,87
2024-11-04T23:00,11.4,87
2024-11-05T00:00,11.3,87
2024-11-05T01:00,11.2,88
2024-11-05T02:00,11.4,88
2024-11-05T03:00,11.7,86
2024-11-05T04:00,11.9,83
2024-11-05T05:00,11.8,82
2024-11-05T06:00,11.6,82
2024-11-05T07:00,12.3,81
2024-11-05T08:00,15.8,79
2024-11-05T09:00,18.6,65
2024-11-05T10:00,19.2,64
2024-11-05T11:00,19.4,64
2024-11-05T12:00,19.5,64
2024-11-05T13:00,19.5,68
2024-11-05T14:00,19.2,71
2024-11-05T15:00,18.4,77
2024-11-05T16:00,16.8,87
2024-11-05T17:00,17.1,84
2024-11-05T18:00,16.5,85
2024-11-05T19:00,14.4,91
2024-11-05T20:00,14.5,89
2024-11-05T21:00,14.7,85
2024-11-05T22:00,14.5,85
2024-11-05T23:00,13.9,85
2024-11-06T00:00,13.9,85
2024-11-06T01:00,12.9,85
2024-11-06T02:00,12.8,84
2024-11-06T03:00,12.5,83
2024-11-06T04:00,12.1,83
2024-11-06T05:00,11.9,82
2024-11-06T06:00,12.0,81
2024-11-06T07:00,12.7,80
2024-11-06T08:00,16.0,78
2024-11-06T09:00,18.3,67
2024-11-06T10:00,18.7,73
2024-11-06T11:00,18.9,76
2024-11-06T12:00,18.9,78
2024-11-06T13:00,18.4,81
2024-11-06T14:00,18.1,82
2024-11-06T15:00,17.4,81
2024-11-06T16:00,16.0,85
2024-11-06T17:00,16.9,74
2024-11-06T18:00,16.8,74
2024-11-06T19:00,14.4,89
2024-11-06T20:00,14.8,90
2024-11-06T21:00,14.8,91
2024-11-06T22:00,14.6,90
2024-11-06T23:00,14.3,88
2024-11-07T00:00,14.4,84
2024-11-07T01:00,13.3,84
2024-11-07T02:00,12.7,84
2024-11-07T03:00,12.3,82
2024-11-07T04:00,12.4,78
2024-11-07T05:00,12.8,75
2024-11-07T06:00,12.8,74
2024-11-07T07:00,13.0,73
2024-11-07T08:00,15.1,71
2024-11-07T09:00,17.6,65
2024-11-07T10:00,19.1,50
2024-11-07T11:00,19.4,47
2024-11-07T12:00,19.3,46
2024-11-07T13:00,18.8,49
2024-11-07T14:00,18.6,54
2024-11-07T15:00,17.9,61
2024-11-07T16:00,15.3,75
2024-11-07T17:00,14.0,72
2024-11-07T18:00,13.7,68
2024-11-07T19:00,12.3,72
2024-11-07T20:00,11.6,73
2024-11-07T21:00,11.9,67
2024-11-07T22:00,11.9,63
2024-11-07T23:00,12.0,58
2024-11-08T00:00,11.9,55
2024-11-08T01:00,11.1,64
2024-11-08T02:00,12.3,56
2024-11-08T03:00,12.2,53
2024-11-08T04:00,11.6,50
2024-11-08T05:00,11.7,47
2024-11-08T06:00,11.4,46
2024-11-08T07:00,11.6,48
2024-11-08T08:00,13.5,52
2024-11-08T09:00,16.3,55
2024-11-08T10:00,19.2,42
2024-11-08T11:00,19.5,41
2024-11-08T12:00,19.2,45
2024-11-08T13:00,19.1,51
2024-11-08T14:00,19.0,51
2024-11-08T15:00,18.5,53
2024-11-08T16:00,17.9,53
2024-11-08T17:00,16.8,58
2024-11-08T18:00,15.3,72
2024-11-08T19:00,14.0,80
2024-11-08T20:00,13.8,77
2024-11-08T21:00,13.7,79
2024-11-08T22:00,13.9,84
2024-11-08T23:00,13.4,89
2024-11-09T00:00,13.2,88
2024-11-09T01:00,14.5,78
2024-11-09T02:00,14.0,73
2024-11-09T03:00,13.1,71
2024-11-09T04:00,12.9,69
2024-11-09T05:00,13.3,64
2024-11-09T06:00,14.0,58
2024-11-09T07:00,13.9,59
2024-11-09T08:00,15.3,61
2024-11-09T09:00,17.4,62
2024-11-09T10:00,18.7,52
2024-11-09T11:00,18.8,48
2024-11-09T12:00,18.5,51
2024-11-09T13:00,17.3,72
2024-11-09T14:00,17.8,70
2024-11-09T15:00,17.7,76
2024-11-09T16:00,15.1,84
2024-11-09T17:00,14.9,82
2024-11-09T18:00,15.1,75
2024-11-09T19:00,14.7,75
2024-11-09T20:00,14.3,74
2024-11-09T21:00,14.1,75
2024-11-09T22:00,14.3,74
2024-11-09T23:00,13.3,75
2024-11-10T00:00,12.1,78
2024-11-10T01:00,12.3,82
2024-11-10T02:00,12.3,81
2024-11-10T03:00,12.5,77
2024-11-10T04:00,12.5,76
2024-11-10T05:00,12.5,74
2024-11-10T06:00,12.6,72
2024-11-10T07:00,12.5,73
2024-11-10T08:00,14.7,71
2024-11-10T09:00,17.2,71
2024-11-10T10:00,18.7,58
2024-11-10T11:00,19.0,56
2024-11-10T12:00,18.9,58
2024-11-10T13:00,18.7,65
2024-11-10T14:00,18.2,69
2024-11-10T15:00,17.5,72
2024-11-10T16:00,15.5,79
2024-11-10T17:00,15.1,80
2024-11-10T18:00,12.5,88
2024-11-10T19:00,12.2,87
2024-11-10T20:00,12.2,84
2024-11-10T21:00,11.4,83
2024-11-10T22:00,10.9,80
2024-11-10T23:00,10.8,75
2024-11-11T00:00,10.9,71
2024-11-11T01:00,10.7,72
2024-11-11T02:00,11.5,63
2024-11-11T03:00,11.5,59
2024-11-11T04:00,11.4,57
2024-11-11T05:00,11.3,57
2024-11-11T06:00,11.1,57
2024-11-11T07:00,11.2,61
2024-11-11T08:00,13.7,62
2024-11-11T09:00,16.7,66
2024-11-11T10:00,18.5,56
2024-11-11T11:00,18.7,63
2024-11-11T12:00,18.6,66
2024-11-11T13:00,18.3,70
2024-11-11T14:00,18.1,69
2024-11-11T15:00,17.4,74
2024-11-11T16:00,14.4,89
2024-11-11T17:00,16.3,80
2024-11-11T18:00,12.7,88
2024-11-11T19:00,12.4,84
2024-11-11T20:00,11.0,85
2024-11-11T21:00,10.8,85
2024-11-11T22:00,11.0,83
2024-11-11T23:00,11.1,81
2024-11-12T00:00,11.0,80
2024-11-12T01:00,12.0,73
2024-11-12T02:00,12.0,72
2024-11-12T03:00,11.4,79
2024-11-12T04:00,11.5,85
2024-11-12T05:00,11.6,90
2024-11-12T06:00,11.8,87
2024-11-12T07:00,12.2,81
2024-11-12T08:00,11.5,83
2024-11-12T09:00,10.8,84
2024-11-12T10:00,11.8,80
2024-11-12T11:00,12.6,79
2024-11-12T12:00,12.5,82
2024-11-12T13:00,14.8,55
2024-11-12T14:00,14.9,52
2024-11-12T15:00,14.5,46
2024-11-12T16:00,13.6,44
2024-11-12T17:00,12.6,47
2024-11-12T18:00,11.6,50
2024-11-12T19:00,10.5,52
2024-11-12T20:00,10.0,54
2024-11-12T21:00,9.7,55
2024-11-12T22:00,9.2,55
2024-11-12T23:00,9.2,54
2024-11-13T00:00,8.5,54
2024-11-13T01:00,8.0,57
2024-11-13T02:00,8.0,55
2024-11-13T03:00,8.0,54
2024-11-13T04:00,7.9,54
2024-11-13T05:00,7.4,54
2024-11-13T06:00,7.4,54
2024-11-13T07:00,7.8,53
2024-11-13T08:00,10.4,54
2024-11-13T09:00,13.7,56
2024-11-13T10:00,16.1,45
2024-11-13T11:00,16.5,38
2024-11-13T12:00,16.5,40
2024-11-13T13:00,16.2,40
2024-11-13T14:00,16.0,44
2024-11-13T15:00,15.3,53
2024-11-13T16:00,13.6,62
2024-11-13T17:00,12.5,63
2024-11-13T18:00,11.0,64
2024-11-13T19:00,9.3,70
2024-11-13T20:00,8.4,73
2024-11-13T21:00,8.0,73
2024-11-13T22:00,7.8,73
2024-11-13T23:00,8.4,68
2024-11-14T00:00,8.2,65
2024-11-14T01:00,7.0,73
2024-11-14T02:00,8.2,64
2024-11-14T03:00,10.0,62
2024-11-14T04:00,11.5,63
2024-11-14T05:00,10.4,62
2024-11-14T06:00,8.7,66
2024-11-14T07:00,8.3,67
2024-11-14T08:00,10.0,63
2024-11-14T09:00,12.7,62
2024-11-14T10:00,15.0,51
2024-11-14T11:00,15.9,44
2024-11-14T12:00,15.8,38
2024-11-14T13:00,15.6,42
2024-11-14T14:00,15.7,46
2024-11-14T15:00,15.0,55
2024-11-14T16:00,13.2,65
2024-11-14T17:00,11.5,75
2024-11-14T18:00,10.5,75
2024-11-14T19:00,9.6,70
2024-11-14T20:00,8.9,70
2024-11-14T21:00,8.4,70
2024-11-14T22:00,8.1,67
2024-11-14T23:00,8.0,64
2024-11-15T00:00,8.0,61
2024-11-15T01:00,6.9,67
2024-11-15T02:00,6.8,65
2024-11-15T03:00,6.9,64
2024-11-15T04:00,7.0,62
2024-11-15T05:00,6.9,61
2024-11-15T06:00,6.9,60
2024-11-15T07:00,7.3,60
2024-11-15T08:00,9.4,59
2024-11-15T09:00,12.6,60
2024-11-15T10:00,14.6,47
2024-11-15T11:00,14.8,49
2024-11-15T12:00,14.6,52
2024-11-15T13:00,15.2,58
2024-11-15T14:00,15.0,60
2024-11-15T15:00,14.3,66
2024-11-15T16:00,12.9,73
2024-11-15T17:00,12.2,72
2024-11-15T18:00,11.4,73
2024-11-15T19:00,10.7,73
2024-11-15T20:00,10.0,72
2024-11-15T21:00,9.4,71
2024-11-15T22:00,8.7,70
2024-11-15T23:00,7.9,70
2024-11-16T00:00,7.2,71
2024-11-16T01:00,6.7,68
2024-11-16T02:00,6.6,68
2024-11-16T03:00,6.5,68
2024-11-16T04:00,6.3,70
2024-11-16T05:00,6.3,71
2024-11-16T06:00,6.5,71
2024-11-16T07:00,7.0,71
2024-11-16T08:00,10.3,71
2024-11-16T09:00,13.5,71
2024-11-16T10:00,14.8,72
2024-11-16T11:00,15.0,73
2024-11-16T12:00,15.2,74
2024-11-16T13:00,15.4,68
2024-11-16T14:00,15.5,66
2024-11-16T15:00,15.1,74
2024-11-16T16:00,13.2,79
2024-11-16T17:00,12.4,80
2024-11-16T18:00,11.1,83
2024-11-16T19:00,10.4,83
2024-11-16T20:00,9.3,79
2024-11-16T21:00,8.6,73
2024-11-16T22:00,7.6,74
2024-11-16T23:00,7.0,74
2024-11-17T00:00,6.6,74
2024-11-17T01:00,6.9,78
2024-11-17T02:00,7.1,75
2024-11-17T03:00,7.3,73
2024-11-17T04:00,7.8,70
2024-11-17T05:00,7.6,69
2024-11-17T06:00,7.6,68
2024-11-17T07:00,7.7,66
2024-11-17T08:00,9.9,63
2024-11-17T09:00,12.7,57
2024-11-17T10:00,14.7,53
2024-11-17T11:00,15.2,66
2024-11-17T12:00,15.4,70
2024-11-17T13:00,15.2,75
2024-11-17T14:00,15.0,77
2024-11-17T15:00,14.4,81
2024-11-17T16:00,12.6,87
2024-11-17T17:00,12.1,85
2024-11-17T18:00,11.4,84
2024-11-17T19:00,10.9,83
2024-11-17T20:00,10.4,82
2024-11-17T21:00,10.4,76
2024-11-17T22:00,9.6,73
2024-11-17T23:00,9.2,71
2024-11-18T00:00,9.1,69
2024-11-18T01:00,9.8,70
2024-11-18T02:00,10.4,66
2024-11-18T03:00,10.3,65
2024-11-18T04:00,10.2,64
2024-11-18T05:00,9.6,63
2024-11-18T06:00,9.0,63
2024-11-18T07:00,8.9,62
2024-11-18T08:00,11.2,60
2024-11-18T09:00,14.7,58
2024-11-18T10:00,16.6,55
2024-11-18T11:00,16.8,71
2024-11-18T12:00,16.9,73
2024-11-18T13:00,17.5,73
2024-11-18T14:00,17.1,75
2024-11-18T15:00,16.4,80
2024-11-18T16:00,14.5,85
2024-11-18T17:00,14.0,82
2024-11-18T18:00,13.0,84
2024-11-18T19:00,12.8,85
2024-11-18T20:00,11.5,87
2024-11-18T21:00,10.7,85
2024-11-18T22:00,10.3,82
2024-11-18T23:00,10.2,78
2024-11-19T00:00,10.1,75
2024-11-19T01:00,9.1,78
2024-11-19T02:00,9.8,75
2024-11-19T03:00,9.9,74
2024-11-19T04:00,9.8,74
2024-11-19T05:00,9.7,73
2024-11-19T06:00,9.7,72
2024-11-19T07:00,10.0,69
2024-11-19T08:00,11.8,64
2024-11-19T09:00,13.6,67
2024-11-19T10:00,14.3,68
2024-11-19T11:00,15.4,70
2024-11-19T12:00,17.4,67
2024-11-19T13:00,18.8,58
2024-11-19T14:00,18.6,55
2024-11-19T15:00,17.8,52
2024-11-19T16:00,16.1,55
2024-11-19T17:00,14.5,59
2024-11-19T18:00,13.7,59
2024-11-19T19:00,13.3,61
2024-11-19T20:00,13.1,66
2024-11-19T21:00,13.2,68
2024-11-19T22:00,13.4,68
2024-11-19T23:00,14.0,64
2024-11-20T00:00,14.1,68
2024-11-20T01:00,14.2,75
2024-11-20T02:00,14.6,73
2024-11-20T03:00,15.0,70
2024-11-20T04:00,15.1,69
2024-11-20T05:00,15.2,68
2024-11-20T06:00,15.6,66
2024-11-20T07:00,15.9,60
2024-11-20T08:00,16.3,48
2024-11-20T09:00,16.6,45
2024-11-20T10:00,16.0,44
2024-11-20T11:00,16.1,40
2024-11-20T12:00,16.2,32
2024-11-20T13:00,16.8,32
2024-11-20T14:00,16.2,32
2024-11-20T15:00,15.1,32
2024-11-20T16:00,13.8,31
2024-11-20T17:00,13.0,32
2024-11-20T18:00,12.0,38
2024-11-20T19:00,11.0,40
2024-11-20T20:00,10.0,38
2024-11-20T21:00,8.9,39
2024-11-20T22:00,8.0,43
2024-11-20T23:00,7.4,44
2024-11-21T00:00,6.9,45
2024-11-21T01:00,6.9,50
2024-11-21T02:00,6.7,50
2024-11-21T03:00,6.6,47
2024-11-21T04:00,6.5,48
2024-11-21T05:00,5.9,50
2024-11-21T06:00,5.5,50
2024-11-21T07:00,5.5,50
2024-11-21T08:00,7.0,50
2024-11-21T09:00,9.7,49
2024-11-21T10:00,10.9,45
2024-11-21T11:00,10.4,57
2024-11-21T12:00,9.8,62
2024-11-21T13:00,9.3,76
2024-11-21T14:00,9.1,75
2024-11-21T15:00,9.7,81
2024-11-21T16:00,9.7,87
2024-11-21T17:00,10.4,81
2024-11-21T18:00,11.0,83
2024-11-21T19:00,12.3,92
2024-11-21T20:00,13.8,89
2024-11-21T21:00,14.4,84
2024-11-21T22:00,14.7,81
2024-11-21T23:00,14.5,77
2024-11-22T00:00,13.7,69
2024-11-22T01:00,13.7,70
2024-11-22T02:00,13.1,57
2024-11-22T03:00,12.3,50
2024-11-22T04:00,11.5,48
2024-11-22T05:00,11.1,39
2024-11-22T06:00,9.9,45
2024-11-22T07:00,8.1,53
2024-11-22T08:00,9.0,53
2024-11-22T09:00,11.2,49
2024-11-22T10:00,13.5,44
2024-11-22T11:00,15.3,35
2024-11-22T12:00,15.7,24
2024-11-22T13:00,15.5,28
2024-11-22T14:00,14.4,31
2024-11-22T15:00,12.8,30
2024-11-22T16:00,10.9,32
2024-11-22T17:00,8.6,37
2024-11-22T18:00,7.5,39
2024-11-22T19:00,6.6,40
2024-11-22T20:00,5.8,41
2024-11-22T21:00,5.2,41
2024-11-22T22:00,4.7,42
2024-11-22T23:00,4.4,41
2024-11-23T00:00,4.0,42
2024-11-23T01:00,4.3,43
2024-11-23T02:00,4.4,43
2024-11-23T03:00,4.2,42
2024-11-23T04:00,4.2,43
2024-11-23T05:00,4.2,48
2024-11-23T06:00,4.1,52
2024-11-23T07:00,4.5,55
2024-11-23T08:00,6.8,54
2024-11-23T09:00,9.9,52
2024-11-23T10:00,12.0,45
2024-11-23T11:00,12.7,46
2024-11-23T12:00,12.9,46
2024-11-23T13:00,12.8,46
2024-11-23T14:00,12.7,45
2024-11-23T15:00,11.9,56
2024-11-23T16:00,10.1,65
2024-11-23T17:00,9.9,65
2024-11-23T18:00,9.3,65
2024-11-23T19:00,8.0,69
2024-11-23T20:00,8.6,65
2024-11-23T21:00,8.7,63
2024-11-23T22:00,9.3,61
2024-11-23T23:00,10.0,61
2024-11-24T00:00,10.4,62
2024-11-24T01:00,10.5,64
2024-11-24T02:00,10.5,65
2024-11-24T03:00,10.2,79
2024-11-24T04:00,9.9,89
2024-11-24T05:00,10.1,90
2024-11-24T06:00,10.2,90
2024-11-24T07:00,10.3,90
2024-11-24T08:00,10.5,91
2024-11-24T09:00,11.4,92
2024-11-24T10:00,12.9,88
2024-11-24T11:00,13.4,88
2024-11-24T12:00,13.5,86
2024-11-24T13:00,12.9,89
2024-11-24T14:00,13.1,88
2024-11-24T15:00,13.0,89
2024-11-24T16:00,12.4,90
2024-11-24T17:00,11.5,88
2024-11-24T18:00,10.5,89
2024-11-24T19:00,10.5,88
2024-11-24T20:00,10.0,86
2024-11-24T21:00,9.7,84
2024-11-24T22:00,9.3,84
2024-11-24T23:00,9.3,85
2024-11-25T00:00,10.2,84
2024-11-25T01:00,10.6,85
2024-11-25T02:00,11.0,84
2024-11-25T03:00,11.0,84
2024-11-25T04:00,11.2,83
2024-11-25T05:00,11.1,85
2024-11-25T06:00,11.2,85
2024-11-25T07:00,11.4,83
2024-11-25T08:00,12.0,82
2024-11-25T09:00,13.1,82
2024-11-25T10:00,14.1,71
2024-11-25T11:00,14.8,67
2024-11-25T12:00,15.4,66
2024-11-25T13:00,14.5,73
2024-11-25T14:00,14.2,74
2024-11-25T15:00,13.9,76
2024-11-25T16:00,12.9,83
2024-11-25T17:00,12.3,83
2024-11-25T18:00,11.9,84
2024-11-25T19:00,11.6,82
2024-11-25T20:00,10.8,83
2024-11-25T21:00,11.0,83
2024-11-25T22:00,11.4,81
2024-11-25T23:00,11.5,82
2024-11-26T00:00,10.2,83
2024-11-26T01:00,10.7,81
2024-11-26T02:00,11.6,81
2024-11-26T03:00,12.3,80
2024-11-26T04:00,11.6,91
2024-11-26T05:00,11.6,91
2024-11-26T06:00,11.9,91
2024-11-26T07:00,12.2,87
2024-11-26T08:00,12.5,89
2024-11-26T09:00,14.7,87
2024-11-26T10:00,16.1,75
2024-11-26T11:00,16.1,76
2024-11-26T12:00,16.0,78
2024-11-26T13:00,15.6,88
2024-11-26T14:00,15.2,90
2024-11-26T15:00,14.6,91
2024-11-26T16:00,14.0,92
2024-11-26T17:00,13.8,91
2024-11-26T18:00,13.8,91
2024-11-26T19:00,13.5,92
2024-11-26T20:00,13.0,92
2024-11-26T21:00,12.9,90
2024-11-26T22:00,12.1,91
2024-11-26T23:00,11.1,91
2024-11-27T00:00,11.3,90
2024-11-27T01:00,11.5,89
2024-11-27T02:00,11.0,89
2024-11-27T03:00,11.2,87
2024-11-27T04:00,11.2,85
2024-11-27T05:00,10.8,83
2024-11-27T06:00,10.2,82
2024-11-27T07:00,10.1,85
2024-11-27T08:00,11.8,83
2024-11-27T09:00,13.6,80
2024-11-27T10:00,14.2,79
2024-11-27T11:00,15.2,75
2024-11-27T12:00,15.1,76
2024-11-27T13:00,15.5,75
2024-11-27T14:00,15.2,77
2024-11-27T15:00,14.7,81
2024-11-27T16:00,13.2,87
2024-11-27T17:00,12.7,87
2024-11-27T18:00,12.0,87
2024-11-27T19:00,11.5,85
2024-11-27T20:00,10.3,84
2024-11-27T21:00,9.1,86
2024-11-27T22:00,8.5,85
2024-11-27T23:00,8.3,83
2024-11-28T00:00,8.3,80
2024-11-28T01:00,9.0,79
2024-11-28T02:00,8.9,78
2024-11-28T03:00,8.5,78
2024-11-28T04:00,8.3,78
2024-11-28T05:00,8.1,77
2024-11-28T06:00,8.2,76
2024-11-28T07:00,8.3,74
2024-11-28T08:00,10.0,69
2024-11-28T09:00,12.2,67
2024-11-28T10:00,13.8,71
2024-11-28T11:00,14.0,77
2024-11-28T12:00,13.7,80
2024-11-28T13:00,13.5,81
2024-11-28T14:00,13.3,79
2024-11-28T15:00,13.0,81
2024-11-28T16:00,11.9,86
2024-11-28T17:00,11.9,84
2024-11-28T18:00,12.0,84
2024-11-28T19:00,11.1,86
2024-11-28T20:00,10.5,84
2024-11-28T21:00,9.9,84
2024-11-28T22:00,9.3,83
2024-11-28T23:00,8.8,81
2024-11-29T00:00,7.9,84
2024-11-29T01:00,8.3,82
2024-11-29T02:00,8.2,82
2024-11-29T03:00,8.3,80
2024-11-29T04:00,8.5,78
2024-11-29T05:00,8.8,76
2024-11-29T06:00,9.1,74
2024-11-29T07:00,9.4,74
2024-11-29T08:00,10.8,73
2024-11-29T09:00,13.2,73
2024-11-29T10:00,16.0,66
2024-11-29T11:00,16.8,58
2024-11-29T12:00,17.0,56
2024-11-29T13:00,17.2,62
2024-11-29T14:00,16.6,65
2024-11-29T15:00,15.4,80
2024-11-29T16:00,13.6,86
2024-11-29T17:00,13.0,87
2024-11-29T18:00,12.3,86
2024-11-29T19:00,11.4,83
2024-11-29T20:00,11.2,79
2024-11-29T21:00,10.3,80
2024-11-29T22:00,9.8,81
2024-11-29T23:00,9.7,79
2024-11-30T00:00,9.2,78
2024-11-30T01:00,8.6,78
2024-11-30T02:00,8.4,77
2024-11-30T03:00,8.9,75
2024-11-30T04:00,9.2,74
2024-11-30T05:00,9.4,73
2024-11-30T06:00,9.4,74
2024-11-30T07:00,9.5,75
2024-11-30T08:00,10.3,75
2024-11-30T09:00,11.3,72
2024-11-30T10:00,12.5,69
2024-11-30T11:00,13.2,66
2024-11-30T12:00,13.0,69
2024-11-30T13:00,13.7,65
2024-11-30T14:00,13.1,67
2024-11-30T15:00,12.3,72
2024-11-30T16:00,10.6,78
2024-11-30T17:00,10.3,78
2024-11-30T18:00,10.0,78
2024-11-30T19:00,9.3,81
2024-11-30T20:00,8.9,80
2024-11-30T21:00,7.7,81
2024-11-30T22:00,7.3,81
2024-11-30T23:00,7.3,80
2024-12-01T00:00,6.9,80
2024-12-01T01:00,6.0,76
2024-12-01T02:00,5.6,76
2024-12-01T03:00,5.4,73
2024-12-01T04:00,5.4,70
2024-12-01T05:00,5.2,70
2024-12-01T06:00,4.9,71
2024-12-01T07:00,4.9,71
2024-12-01T08:00,6.9,69
2024-12-01T09:00,10.6,64
2024-12-01T10:00,12.5,59
2024-12-01T11:00,13.0,62
2024-12-01T12:00,13.4,61
2024-12-01T13:00,14.2,57
2024-12-01T14:00,14.1,56
2024-12-01T15:00,13.0,74
2024-12-01T16:00,11.3,73
2024-12-01T17:00,10.0,74
2024-12-01T18:00,8.8,74
2024-12-01T19:00,6.5,79
2024-12-01T20:00,5.6,80
2024-12-01T21:00,5.9,77
2024-12-01T22:00,6.1,73
2024-12-01T23:00,6.3,67
2024-12-02T00:00,6.4,61
2024-12-02T01:00,6.7,58
2024-12-02T02:00,6.6,56
2024-12-02T03:00,6.3,55
2024-12-02T04:00,5.8,53
2024-12-02T05:00,5.3,53
2024-12-02T06:00,4.9,54
2024-12-02T07:00,4.7,55
2024-12-02T08:00,6.6,57
2024-12-02T09:00,10.5,61
2024-12-02T10:00,13.3,48
2024-12-02T11:00,13.9,39
2024-12-02T12:00,14.0,40
2024-12-02T13:00,14.6,47
2024-12-02T14:00,14.2,52
2024-12-02T15:00,13.3,63
2024-12-02T16:00,11.3,65
2024-12-02T17:00,10.2,70
2024-12-02T18:00,10.1,70
2024-12-02T19:00,9.3,74
2024-12-02T20:00,9.3,71
2024-12-02T21:00,9.2,70
2024-12-02T22:00,8.7,70
2024-12-02T23:00,8.6,72
2024-12-03T00:00,8.9,72
2024-12-03T01:00,9.7,82
2024-12-03T02:00,9.8,80
2024-12-03T03:00,9.7,77
2024-12-03T04:00,9.5,76
2024-12-03T05:00,9.3,74
2024-12-03T06:00,9.0,73
2024-12-03T07:00,8.7,74
2024-12-03T08:00,9.3,73
2024-12-03T09:00,11.2,72
2024-12-03T10:00,12.8,67
2024-12-03T11:00,13.9,62
2024-12-03T12:00,14.0,63
2024-12-03T13:00,14.0,73
2024-12-03T14:00,13.9,74
2024-12-03T15:00,13.3,80
2024-12-03T16:00,11.9,83
2024-12-03T17:00,11.9,83
2024-12-03T18:00,11.5,86
2024-12-03T19:00,11.3,86
2024-12-03T20:00,10.3,87
2024-12-03T21:00,9.4,89
2024-12-03T22:00,8.9,89
2024-12-03T23:00,8.6,88
2024-12-04T00:00,8.4,86
2024-12-04T01:00,7.1,85
2024-12-04T02:00,7.1,84
2024-12-04T03:00,7.5,81
2024-12-04T04:00,7.5,79
2024-12-04T05:00,7.1,79
2024-12-04T06:00,6.7,79
2024-12-04T07:00,6.6,78
2024-12-04T08:00,7.7,72
2024-12-04T09:00,10.0,65
2024-12-04T10:00,12.4,58
2024-12-04T11:00,13.8,51
2024-12-04T12:00,14.0,58
2024-12-04T13:00,14.5,63
2024-12-04T14:00,14.0,67
2024-12-04T15:00,13.0,80
2024-12-04T16:00,11.5,80
2024-12-04T17:00,10.3,82
2024-12-04T18:00,9.5,82
2024-12-04T19:00,7.5,85
2024-12-04T20:00,6.4,84
2024-12-04T21:00,6.0,80
2024-12-04T22:00,6.5,71
2024-12-04T23:00,6.3,70
2024-12-05T00:00,6.7,67
2024-12-05T01:00,6.5,70
2024-12-05T02:00,6.2,71
2024-12-05T03:00,6.0,71
2024-12-05T04:00,6.0,65
2024-12-05T05:00,5.7,62
2024-12-05T06:00,5.4,61
2024-12-05T07:00,5.4,60
2024-12-05T08:00,6.4,60
2024-12-05T09:00,9.0,59
2024-12-05T10:00,11.4,57
2024-12-05T11:00,12.4,47
2024-12-05T12:00,12.1,45
2024-12-05T13:00,12.9,57
2024-12-05T14:00,13.1,58
2024-12-05T15:00,12.4,65
2024-12-05T16:00,10.6,70
2024-12-05T17:00,10.0,70
2024-12-05T18:00,8.6,73
2024-12-05T19:00,7.4,76
2024-12-05T20:00,6.4,79
2024-12-05T21:00,6.2,78
2024-12-05T22:00,7.0,75
2024-12-05T23:00,7.0,75
2024-12-06T00:00,6.6,74
2024-12-06T01:00,5.7,76
2024-12-06T02:00,5.9,76
2024-12-06T03:00,5.5,75
2024-12-06T04:00,6.3,72
2024-12-06T05:00,7.5,71
2024-12-06T06:00,7.1,71
2024-12-06T07:00,6.5,73
2024-12-06T08:00,8.3,72
2024-12-06T09:00,10.9,64
2024-12-06T10:00,12.7,58
2024-12-06T11:00,13.5,60
2024-12-06T12:00,13.8,68
2024-12-06T13:00,12.9,81
2024-12-06T14:00,12.7,83
2024-12-06T15:00,12.9,83
2024-12-06T16:00,11.1,86
2024-12-06T17:00,10.2,89
2024-12-06T18:00,9.4,90
2024-12-06T19:00,9.5,85
2024-12-06T20:00,9.2,82
2024-12-06T21:00,8.8,81
2024-12-06T22:00,7.8,82
2024-12-06T23:00,7.3,84
2024-12-07T00:00,7.4,82
2024-12-07T01:00,8.0,78
2024-12-07T02:00,7.6,77
2024-12-07T03:00,7.1,75
2024-12-07T04:00,7.1,72
2024-12-07T05:00,6.9,69
2024-12-07T06:00,7.1,65
2024-12-07T07:00,6.7,65
2024-12-07T08:00,8.3,63
2024-12-07T09:00,10.6,61
2024-12-07T10:00,12.3,60
2024-12-07T11:00,13.2,58
2024-12-07T12:00,13.1,61
2024-12-07T13:00,13.2,70
2024-12-07T14:00,12.5,74
2024-12-07T15:00,11.5,82
2024-12-07T16:00,11.1,81
2024-12-07T17:00,11.6,82
2024-12-07T18:00,10.8,82
2024-12-07T19:00,10.3,82
2024-12-07T20:00,9.9,84
2024-12-07T21:00,8.9,87
2024-12-07T22:00,7.6,90
2024-12-07T23:00,7.3,86
2024-12-08T00:00,7.6,86
2024-12-08T01:00,8.0,93
2024-12-08T02:00,8.1,92
2024-12-08T03:00,7.0,90
2024-12-08T04:00,6.7,87
2024-12-08T05:00,5.8,78
2024-12-08T06:00,4.7,73
2024-12-08T07:00,4.3,71
2024-12-08T08:00,5.7,67
2024-12-08T09:00,8.2,64
2024-12-08T10:00,10.4,53
2024-12-08T11:00,11.5,50
2024-12-08T12:00,12.8,48
2024-12-08T13:00,12.9,54
2024-12-08T14:00,12.1,57
2024-12-08T15:00,10.9,64
2024-12-08T16:00,9.0,72
2024-12-08T17:00,8.8,74
2024-12-08T18:00,8.5,72
2024-12-08T19:00,8.4,69
2024-12-08T20:00,8.2,69
2024-12-08T21:00,7.7,69
2024-12-08T22:00,7.5,70
2024-12-08T23:00,7.2,70
2024-12-09T00:00,7.0,70
2024-12-09T01:00,7.6,72
2024-12-09T02:00,7.3,76
2024-12-09T03:00,7.7,72
2024-12-09T04:00,7.1,71
2024-12-09T05:00,7.5,72
2024-12-09T06:00,7.6,71
2024-12-09T07:00,7.4,71
2024-12-09T08:00,7.6,68
2024-12-09T09:00,8.9,67
2024-12-09T10:00,10.5,63
2024-12-09T11:00,11.7,50
2024-12-09T12:00,11.7,54
2024-12-09T13:00,11.8,62
2024-12-09T14:00,11.7,63
2024-12-09T15:00,11.2,70
2024-12-09T16:00,9.6,72
2024-12-09T17:00,9.1,75
2024-12-09T18:00,8.1,79
2024-12-09T19:00,8.0,79
2024-12-09T20:00,7.7,77
2024-12-09T21:00,7.7,76
2024-12-09T22:00,6.5,78
2024-12-09T23:00,6.2,78
2024-12-10T00:00,6.2,77
2024-12-10T01:00,6.7,81
2024-12-10T02:00,5.8,78
2024-12-10T03:00,5.3,77
2024-12-10T04:00,5.5,74
2024-12-10T05:00,5.3,71
2024-12-10T06:00,4.7,71
2024-12-10T07:00,4.6,70
2024-12-10T08:00,5.7,66
2024-12-10T09:00,8.7,62
2024-12-10T10:00,11.4,53
2024-12-10T11:00,12.4,47
2024-12-10T12:00,12.4,49
2024-12-10T13:00,12.4,52
2024-12-10T14:00,11.9,54
2024-12-10T15:00,11.0,63
2024-12-10T16:00,9.3,71
2024-12-10T17:00,7.8,73
2024-12-10T18:00,6.9,76
2024-12-10T19:00,6.3,77
2024-12-10T20:00,5.8,76
2024-12-10T21:00,5.2,76
2024-12-10T22:00,4.6,75
2024-12-10T23:00,4.8,72
2024-12-11T00:00,5.3,66
2024-12-11T01:00,5.1,69
2024-12-11T02:00,5.7,65
2024-12-11T03:00,5.8,65
2024-12-11T04:00,5.8,64
2024-12-11T05:00,5.7,65
2024-12-11T06:00,5.6,65
2024-12-11T07:00,5.9,65
2024-12-11T08:00,6.8,64
2024-12-11T09:00,9.2,64
2024-12-11T10:00,11.9,54
2024-12-11T11:00,12.9,47
2024-12-11T12:00,13.1,50
2024-12-11T13:00,13.6,50
2024-12-11T14:00,13.2,56
2024-12-11T15:00,12.5,60
2024-12-11T16:00,10.7,69
2024-12-11T17:00,9.7,75
2024-12-11T18:00,8.4,73
2024-12-11T19:00,7.5,71
2024-12-11T20:00,7.4,70
2024-12-11T21:00,7.5,66
2024-12-11T22:00,7.1,64
2024-12-11T23:00,6.3,64
2024-12-12T00:00,5.4,65
2024-12-12T01:00,5.5,67
2024-12-12T02:00,5.2,66
2024-12-12T03:00,5.2,66
2024-12-12T04:00,5.4,64
2024-12-12T05:00,5.2,63
2024-12-12T06:00,4.8,63
2024-12-12T07:00,4.4,63
2024-12-12T08:00,5.7,60
2024-12-12T09:00,8.7,57
2024-12-12T10:00,11.7,58
2024-12-12T11:00,13.1,46
2024-12-12T12:00,13.3,51
2024-12-12T13:00,13.6,50
2024-12-12T14:00,13.4,53
2024-12-12T15:00,12.6,57
2024-12-12T16:00,11.1,67
2024-12-12T17:00,9.5,73
2024-12-12T18:00,8.0,74
2024-12-12T19:00,6.9,69
2024-12-12T20:00,7.1,64
2024-12-12T21:00,6.7,62
2024-12-12T22:00,6.6,61
2024-12-12T23:00,6.5,60
2024-12-13T00:00,6.5,59
2024-12-13T01:00,7.2,60
2024-12-13T02:00,8.4,56
2024-12-13T03:00,7.8,66
2024-12-13T04:00,7.1,80
2024-12-13T05:00,7.5,83
2024-12-13T06:00,8.2,84
2024-12-13T07:00,8.1,83
2024-12-13T08:00,8.2,81
2024-12-13T09:00,8.4,82
2024-12-13T10:00,9.4,75
2024-12-13T11:00,10.5,71
2024-12-13T12:00,11.3,69
2024-12-13T13:00,12.3,71
2024-12-13T14:00,11.8,77
2024-12-13T15:00,11.6,79
2024-12-13T16:00,10.8,83
2024-12-13T17:00,10.5,84
2024-12-13T18:00,10.0,83
2024-12-13T19:00,9.5,80
2024-12-13T20:00,9.4,80
2024-12-13T21:00,9.5,79
2024-12-13T22:00,9.5,79
2024-12-13T23:00,8.6,79
2024-12-14T00:00,7.4,80
2024-12-14T01:00,8.5,82
2024-12-14T02:00,9.1,80
2024-12-14T03:00,9.3,79
2024-12-14T04:00,8.8,79
2024-12-14T05:00,8.7,81
2024-12-14T06:00,8.5,84
2024-12-14T07:00,8.8,84
2024-12-14T08:00,9.0,85
2024-12-14T09:00,10.3,81
2024-12-14T10:00,11.0,82
2024-12-14T11:00,11.9,78
2024-12-14T12:00,12.9,72
2024-12-14T13:00,14.0,63
2024-12-14T14:00,14.4,53
2024-12-14T15:00,13.4,61
2024-12-14T16:00,11.5,65
2024-12-14T17:00,9.4,68
2024-12-14T18:00,8.6,66
2024-12-14T19:00,8.2,65
2024-12-14T20:00,7.8,64
2024-12-14T21:00,6.5,68
2024-12-14T22:00,5.8,69
2024-12-14T23:00,5.6,68
2024-12-15T00:00,5.2,67
2024-12-15T01:00,6.2,67
2024-12-15T02:00,5.9,65
2024-12-15T03:00,6.0,63
2024-12-15T04:00,6.5,60
2024-12-15T05:00,6.9,58
2024-12-15T06:00,7.0,57
2024-12-15T07:00,6.6,57
2024-12-15T08:00,7.0,57
2024-12-15T09:00,9.2,59
2024-12-15T10:00,12.1,62
2024-12-15T11:00,13.6,47
2024-12-15T12:00,14.1,51
2024-12-15T13:00,14.8,52
2024-12-15T14:00,14.6,57
2024-12-15T15:00,13.1,69
2024-12-15T16:00,11.8,64
2024-12-15T17:00,10.3,67
2024-12-15T18:00,8.3,73
2024-12-15T19:00,6.1,77
2024-12-15T20:00,5.2,75
2024-12-15T21:00,5.6,68
2024-12-15T22:00,5.6,63
2024-12-15T23:00,5.6,59
2024-12-16T00:00,5.5,56
2024-12-16T01:00,5.4,60
2024-12-16T02:00,5.9,57
2024-12-16T03:00,6.4,52
2024-12-16T04:00,6.3,52
2024-12-16T05:00,6.1,51
2024-12-16T06:00,5.9,51
2024-12-16T07:00,5.8,51
2024-12-16T08:00,6.9,53
2024-12-16T09:00,9.9,55
2024-12-16T10:00,12.8,58
2024-12-16T11:00,14.0,49
2024-12-16T12:00,13.8,49
2024-12-16T13:00,13.7,51
2024-12-16T14:00,13.4,50
2024-12-16T15:00,12.3,68
2024-12-16T16:00,10.6,65
2024-12-16T17:00,9.9,66
2024-12-16T18:00,9.1,66
2024-12-16T19:00,8.1,67
2024-12-16T20:00,7.3,68
2024-12-16T21:00,6.6,65
2024-12-16T22:00,6.0,62
2024-12-16T23:00,5.5,60
2024-12-17T00:00,5.4,59
2024-12-17T01:00,6.4,56
2024-12-17T02:00,5.9,58
2024-12-17T03:00,5.1,61
2024-12-17T04:00,4.9,61
2024-12-17T05:00,4.7,61
2024-12-17T06:00,4.5,61
2024-12-17T07:00,4.0,62
2024-12-17T08:00,5.0,63
2024-12-17T09:00,8.0,62
2024-12-17T10:00,9.6,58
2024-12-17T11:00,9.9,59
2024-12-17T12:00,10.7,59
2024-12-17T13:00,11.3,61
2024-12-17T14:00,11.6,63
2024-12-17T15:00,11.1,68
2024-12-17T16:00,9.4,73
2024-12-17T17:00,8.1,77
2024-12-17T18:00,6.8,81
2024-12-17T19:00,5.9,83
2024-12-17T20:00,5.6,81
2024-12-17T21:00,5.9,79
2024-12-17T22:00,6.2,78
2024-12-17T23:00,5.9,77
2024-12-18T00:00,5.0,77
2024-12-18T01:00,5.8,81
2024-12-18T02:00,4.6,81
2024-12-18T03:00,4.0,81
2024-12-18T04:00,4.2,80
2024-12-18T05:00,4.6,79
2024-12-18T06:00,5.1,78
2024-12-18T07:00,4.8,78
2024-12-18T08:00,5.8,74
2024-12-18T09:00,9.5,60
2024-12-18T10:00,11.7,54
2024-12-18T11:00,12.0,73
2024-12-18T12:00,12.2,79
2024-12-18T13:00,12.8,76
2024-12-18T14:00,13.0,79
2024-12-18T15:00,12.4,85
2024-12-18T16:00,11.5,86
2024-12-18T17:00,10.7,87
2024-12-18T18:00,9.7,88
2024-12-18T19:00,8.9,87
2024-12-18T20:00,8.7,84
2024-12-18T21:00,8.8,83
2024-12-18T22:00,8.7,84
2024-12-18T23:00,8.9,83
2024-12-19T00:00,8.7,81
2024-12-19T01:00,9.7,82
2024-12-19T02:00,9.1,84
2024-12-19T03:00,8.4,86
2024-12-19T04:00,8.0,84
2024-12-19T05:00,7.3,82
2024-12-19T06:00,6.9,80
2024-12-19T07:00,8.1,78
2024-12-19T08:00,9.2,77
2024-12-19T09:00,11.0,72
2024-12-19T10:00,12.3,73
2024-12-19T11:00,12.9,75
2024-12-19T12:00,13.9,77
2024-12-19T13:00,14.5,81
2024-12-19T14:00,14.0,86
2024-12-19T15:00,13.8,86
2024-12-19T16:00,13.1,86
2024-12-19T17:00,13.2,85
2024-12-19T18:00,13.2,80
2024-12-19T19:00,13.5,75
2024-12-19T20:00,12.6,68
2024-12-19T21:00,11.6,53
2024-12-19T22:00,10.8,44
2024-12-19T23:00,10.4,43
2024-12-20T00:00,9.9,41
2024-12-20T01:00,10.0,38
2024-12-20T02:00,9.9,35
2024-12-20T03:00,8.7,41
2024-12-20T04:00,8.1,43
2024-12-20T05:00,7.8,44
2024-12-20T06:00,6.5,45
2024-12-20T07:00,5.5,47
2024-12-20T08:00,6.4,45
2024-12-20T09:00,8.2,45
2024-12-20T10:00,10.5,42
2024-12-20T11:00,11.6,44
2024-12-20T12:00,12.0,44
2024-12-20T13:00,13.7,34
2024-12-20T14:00,13.4,40
2024-12-20T15:00,12.3,55
2024-12-20T16:00,9.8,53
2024-12-20T17:00,8.2,55
2024-12-20T18:00,6.8,48
2024-12-20T19:00,5.7,50
2024-12-20T20:00,5.1,53
2024-12-20T21:00,4.5,53
2024-12-20T22:00,4.1,51
2024-12-20T23:00,4.1,49
2024-12-21T00:00,4.4,46
2024-12-21T01:00,5.5,46
2024-12-21T02:00,5.0,49
2024-12-21T03:00,4.8,54
2024-12-21T04:00,4.7,57
2024-12-21T05:00,4.5,60
2024-12-21T06:00,4.4,61
2024-12-21T07:00,4.4,60
2024-12-21T08:00,5.1,60
2024-12-21T09:00,8.3,56
2024-12-21T10:00,11.1,56
2024-12-21T11:00,12.6,47
2024-12-21T12:00,12.9,46
2024-12-21T13:00,13.1,51
2024-12-21T14:00,12.7,57
2024-12-21T15:00,11.6,68
2024-12-21T16:00,9.4,72
2024-12-21T17:00,8.9,71
2024-12-21T18:00,8.1,71
2024-12-21T19:00,5.7,79
2024-12-21T20:00,4.7,79
2024-12-21T21:00,5.4,74
2024-12-21T22:00,5.2,64
2024-12-21T23:00,4.7,59
2024-12-22T00:00,5.2,55
2024-12-22T01:00,4.5,64
2024-12-22T02:00,4.4,63
2024-12-22T03:00,4.4,60
2024-12-22T04:00,5.0,56
2024-12-22T05:00,5.7,54
2024-12-22T06:00,5.1,59
2024-12-22T07:00,5.0,63
2024-12-22T08:00,5.5,67
2024-12-22T09:00,8.0,70
2024-12-22T10:00,11.6,62
2024-12-22T11:00,15.2,61
2024-12-22T12:00,14.9,63
2024-12-22T13:00,15.0,65
2024-12-22T14:00,14.6,67
2024-12-22T15:00,14.8,56
2024-12-22T16:00,14.1,46
2024-12-22T17:00,13.3,43
2024-12-22T18:00,11.8,49
2024-12-22T19:00,10.8,52
2024-12-22T20:00,10.4,50
2024-12-22T21:00,9.8,48
2024-12-22T22:00,9.3,41
2024-12-22T23:00,8.7,38
2024-12-23T00:00,8.1,36
2024-12-23T01:00,9.0,30
2024-12-23T02:00,8.6,30
2024-12-23T03:00,7.5,34
2024-12-23T04:00,6.3,41
2024-12-23T05:00,5.1,47
2024-12-23T06:00,5.5,44
2024-12-23T07:00,5.5,47
2024-12-23T08:00,6.8,58
2024-12-23T09:00,9.0,67
2024-12-23T10:00,10.4,52
2024-12-23T11:00,11.7,47
2024-12-23T12:00,12.6,41
2024-12-23T13:00,13.2,37
2024-12-23T14:00,12.8,38
2024-12-23T15:00,12.1,38
2024-12-23T16:00,11.1,35
2024-12-23T17:00,10.1,33
2024-12-23T18:00,9.5,32
2024-12-23T19:00,8.6,34
2024-12-23T20:00,6.0,47
2024-12-23T21:00,5.6,46
2024-12-23T22:00,3.9,51
2024-12-23T23:00,3.7,49
2024-12-24T00:00,3.2,50
2024-12-24T01:00,4.9,47
2024-12-24T02:00,5.0,45
2024-12-24T03:00,4.7,43
2024-12-24T04:00,4.5,40
2024-12-24T05:00,3.9,41
2024-12-24T06:00,3.0,43
2024-12-24T07:00,2.3,44
2024-12-24T08:00,3.4,44
2024-12-24T09:00,6.8,43
2024-12-24T10:00,10.0,44
2024-12-24T11:00,12.0,42
2024-12-24T12:00,12.7,36
2024-12-24T13:00,14.0,38
2024-12-24T14:00,13.4,46
2024-12-24T15:00,11.8,62
2024-12-24T16:00,9.1,60
2024-12-24T17:00,7.1,62
2024-12-24T18:00,4.6,63
2024-12-24T19:00,3.7,63
2024-12-24T20:00,3.7,61
2024-12-24T21:00,3.8,55
2024-12-24T22:00,3.8,51
2024-12-24T23:00,3.2,52
2024-12-25T00:00,3.1,52
2024-12-25T01:00,4.0,52
2024-12-25T02:00,3.8,51
2024-12-25T03:00,3.9,48
2024-12-25T04:00,4.1,46
2024-12-25T05:00,4.1,45
2024-12-25T06:00,4.3,44
2024-12-25T07:00,4.2,44
2024-12-25T08:00,5.0,44
2024-12-25T09:00,7.9,44
2024-12-25T10:00,11.2,49
2024-12-25T11:00,13.9,42
2024-12-25T12:00,15.1,32
2024-12-25T13:00,15.5,41
2024-12-25T14:00,15.4,49
2024-12-25T15:00,13.3,66
2024-12-25T16:00,11.4,64
2024-12-25T17:00,9.8,55
2024-12-25T18:00,7.2,54
2024-12-25T19:00,4.5,62
2024-12-25T20:00,3.6,66
2024-12-25T21:00,3.3,63
2024-12-25T22:00,3.4,58
2024-12-25T23:00,3.8,52
2024-12-26T00:00,4.0,51
2024-12-26T01:00,4.4,54
2024-12-26T02:00,4.5,52
2024-12-26T03:00,5.1,48
2024-12-26T04:00,5.5,44
2024-12-26T05:00,5.4,44
2024-12-26T06:00,5.2,44
2024-12-26T07:00,5.0,44
2024-12-26T08:00,5.7,45
2024-12-26T09:00,8.0,47
2024-12-26T10:00,11.3,50
2024-12-26T11:00,14.0,47
2024-12-26T12:00,15.5,40
2024-12-26T13:00,16.2,40
2024-12-26T14:00,15.7,43
2024-12-26T15:00,13.6,48
2024-12-26T16:00,11.6,42
2024-12-26T17:00,9.1,55
2024-12-26T18:00,6.5,66
2024-12-26T19:00,6.0,58
2024-12-26T20:00,5.6,52
2024-12-26T21:00,5.7,47
2024-12-26T22:00,5.9,44
2024-12-26T23:00,5.9,42
2024-12-27T00:00,5.5,41
2024-12-27T01:00,4.6,48
2024-12-27T02:00,4.7,45
2024-12-27T03:00,4.9,43
2024-12-27T04:00,4.9,41
2024-12-27T05:00,5.3,39
2024-12-27T06:00,5.8,38
2024-12-27T07:00,6.3,37
2024-12-27T08:00,7.5,37
2024-12-27T09:00,9.7,42
2024-12-27T10:00,12.4,48
2024-12-27T11:00,14.9,47
2024-12-27T12:00,15.3,44
2024-12-27T13:00,14.8,59
2024-12-27T14:00,14.5,65
2024-12-27T15:00,13.5,72
2024-12-27T16:00,11.3,68
2024-12-27T17:00,10.0,58
2024-12-27T18:00,7.7,61
2024-12-27T19:00,6.3,65
2024-12-27T20:00,6.1,64
2024-12-27T21:00,6.2,61
2024-12-27T22:00,6.5,54
2024-12-27T23:00,6.6,49
2024-12-28T00:00,6.4,47
2024-12-28T01:00,6.4,50
2024-12-28T02:00,6.3,49
2024-12-28T03:00,6.4,47
2024-12-28T04:00,6.5,45
2024-12-28T05:00,6.5,44
2024-12-28T06:00,6.6,43
2024-12-28T07:00,6.5,44
2024-12-28T08:00,7.3,45
2024-12-28T09:00,9.9,49
2024-12-28T10:00,12.9,53
2024-12-28T11:00,15.1,53
2024-12-28T12:00,15.6,50
2024-12-28T13:00,15.5,58
2024-12-28T14:00,15.4,58
2024-12-28T15:00,14.0,72
2024-12-28T16:00,12.0,71
2024-12-28T17:00,11.0,69
2024-12-28T18:00,9.9,64
2024-12-28T19:00,8.9,61
2024-12-28T20:00,6.9,67
2024-12-28T21:00,6.0,67
2024-12-28T22:00,5.8,64
2024-12-28T23:00,5.7,63
2024-12-29T00:00,5.9,60
2024-12-29T01:00,6.6,57
2024-12-29T02:00,6.8,55
2024-12-29T03:00,6.8,55
2024-12-29T04:00,6.5,56
2024-12-29T05:00,6.2,57
2024-12-29T06:00,5.8,59
2024-12-29T07:00,5.5,60
2024-12-29T08:00,6.3,60
2024-12-29T09:00,9.6,63
2024-12-29T10:00,13.4,59
2024-12-29T11:00,15.3,47
2024-12-29T12:00,15.5,44
2024-12-29T13:00,15.5,52
2024-12-29T14:00,14.8,56
2024-12-29T15:00,13.4,69
2024-12-29T16:00,11.6,68
2024-12-29T17:00,10.7,70
2024-12-29T18:00,9.6,71
2024-12-29T19:00,9.4,69
2024-12-29T20:00,8.3,70
2024-12-29T21:00,6.8,72
2024-12-29T22:00,5.9,72
2024-12-29T23:00,5.3,71
2024-12-30T00:00,5.0,71
2024-12-30T01:00,4.8,66
2024-12-30T02:00,4.6,66
2024-12-30T03:00,4.5,65
2024-12-30T04:00,4.3,68
2024-12-30T05:00,3.9,71
2024-12-30T06:00,3.8,73
2024-12-30T07:00,3.8,73
2024-12-30T08:00,4.9,72
2024-12-30T09:00,8.7,72
2024-12-30T10:00,12.1,60
2024-12-30T11:00,12.8,62
2024-12-30T12:00,13.1,64
2024-12-30T13:00,12.8,75
2024-12-30T14:00,12.5,81
2024-12-30T15:00,12.0,86
2024-12-30T16:00,10.2,90
2024-12-30T17:00,10.3,88
2024-12-30T18:00,9.7,87
2024-12-30T19:00,9.3,86
2024-12-30T20:00,8.3,84
2024-12-30T21:00,7.3,84
2024-12-30T22:00,7.2,82
2024-12-30T23:00,7.1,80
2024-12-31T00:00,6.7,79
2024-12-31T01:00,8.2,76
2024-12-31T02:00,7.4,76
2024-12-31T03:00,6.2,76
2024-12-31T04:00,5.6,77
2024-12-31T05:00,5.2,77
2024-12-31T06:00,5.0,76
2024-12-31T07:00,4.9,75
2024-12-31T08:00,5.8,74
2024-12-31T09:00,8.9,75
2024-12-31T10:00,11.8,73
2024-12-31T11:00,12.3,74
2024-12-31T12:00,12.4,74
2024-12-31T13:00,12.3,71
2024-12-31T14:00,12.2,71
2024-12-31T15:00,11.8,77
2024-12-31T16:00,10.5,78
2024-12-31T17:00,9.6,81
2024-12-31T18:00,9.4,82
2024-12-31T19:00,8.3,85
2024-12-31T20:00,7.8,85
2024-12-31T21:00,7.2,83
2024-12-31T22:00,7.1,81
2024-12-31T23:00,6.6,79
2025-01-01T00:00,6.1,77
2025-01-01T01:00,7.4,80
2025-01-01T02:00,6.8,81
2025-01-01T03:00,6.0,78
2025-01-01T04:00,5.3,76
2025-01-01T05:00,4.9,75
2025-01-01T06:00,4.6,73
2025-01-01T07:00,4.4,73
2025-01-01T08:00,5.3,72
2025-01-01T09:00,8.3,73
2025-01-01T10:00,10.0,70
2025-01-01T11:00,10.1,72
2025-01-01T12:00,10.3,72
2025-01-01T13:00,11.3,75
2025-01-01T14:00,11.3,74
2025-01-01T15:00,11.0,76
2025-01-01T16:00,9.2,84
2025-01-01T17:00,8.6,83
2025-01-01T18:00,7.8,82
2025-01-01T19:00,6.4,85
2025-01-01T20:00,5.3,85
2025-01-01T21:00,4.5,80
2025-01-01T22:00,4.3,77
2025-01-01T23:00,3.8,76
2025-01-02T00:00,3.4,75
2025-01-02T01:00,4.6,75
2025-01-02T02:00,4.1,76
2025-01-02T03:00,3.5,74
2025-01-02T04:00,3.5,72
2025-01-02T05:00,4.0,67
2025-01-02T06:00,4.1,65
2025-01-02T07:00,4.3,64
2025-01-02T08:00,6.1,64
2025-01-02T09:00,9.1,66
2025-01-02T10:00,11.7,66
2025-01-02T11:00,12.7,70
2025-01-02T12:00,13.4,69
2025-01-02T13:00,13.6,72
2025-01-02T14:00,13.8,72
2025-01-02T15:00,13.3,77
2025-01-02T16:00,12.2,78
2025-01-02T17:00,10.9,79
2025-01-02T18:00,9.4,77
2025-01-02T19:00,8.3,74
2025-01-02T20:00,8.0,72
2025-01-02T21:00,8.8,68
2025-01-02T22:00,9.3,70
2025-01-02T23:00,10.0,72
2025-01-03T00:00,10.4,72
2025-01-03T01:00,10.4,73
2025-01-03T02:00,10.3,73
2025-01-03T03:00,10.3,72
2025-01-03T04:00,9.9,73
2025-01-03T05:00,9.8,73
2025-01-03T06:00,9.5,71
2025-01-03T07:00,8.4,72
2025-01-03T08:00,8.1,72
2025-01-03T09:00,9.8,71
2025-01-03T10:00,11.4,61
2025-01-03T11:00,11.7,67
2025-01-03T12:00,12.4,66
2025-01-03T13:00,13.3,65
2025-01-03T14:00,13.3,67
2025-01-03T15:00,12.7,72
2025-01-03T16:00,10.9,77
2025-01-03T17:00,10.1,76
2025-01-03T18:00,9.2,76
2025-01-03T19:00,8.7,74
2025-01-03T20:00,8.1,74
2025-01-03T21:00,7.1,75
2025-01-03T22:00,6.4,73
2025-01-03T23:00,6.0,70
2025-01-04T00:00,5.4,68
2025-01-04T01:00,4.4,74
2025-01-04T02:00,4.8,70
2025-01-04T03:00,5.2,65
2025-01-04T04:00,5.1,63
2025-01-04T05:00,4.9,63
2025-01-04T06:00,4.9,60
2025-01-04T07:00,4.7,60
2025-01-04T08:00,5.2,60
2025-01-04T09:00,7.7,59
2025-01-04T10:00,10.6,59
2025-01-04T11:00,12.0,44
2025-01-04T12:00,11.8,46
2025-01-04T13:00,11.8,50
2025-01-04T14:00,11.6,50
2025-01-04T15:00,11.2,60
2025-01-04T16:00,9.5,69
2025-01-04T17:00,9.5,71
2025-01-04T18:00,8.7,72
2025-01-04T19:00,8.6,69
2025-01-04T20:00,8.0,71
2025-01-04T21:00,8.6,71
2025-01-04T22:00,8.4,77
2025-01-04T23:00,8.5,80
2025-01-05T00:00,8.7,80
2025-01-05T01:00,9.4,82
2025-01-05T02:00,9.4,82
2025-01-05T03:00,9.3,82
2025-01-05T04:00,9.2,80
2025-01-05T05:00,8.8,79
2025-01-05T06:00,9.2,79
2025-01-05T07:00,9.3,79
2025-01-05T08:00,10.0,78
2025-01-05T09:00,11.4,79
2025-01-05T10:00,12.7,79
2025-01-05T11:00,13.3,82
2025-01-05T12:00,13.9,81
2025-01-05T13:00,13.3,87
2025-01-05T14:00,13.2,89
2025-01-05T15:00,12.9,91
2025-01-05T16:00,12.0,92
2025-01-05T17:00,11.6,90
2025-01-05T18:00,11.0,90
2025-01-05T19:00,10.9,91
2025-01-05T20:00,11.0,91
2025-01-05T21:00,10.4,90
2025-01-05T22:00,9.6,86
2025-01-05T23:00,8.6,85
2025-01-06T00:00,8.4,83
2025-01-06T01:00,10.2,87
2025-01-06T02:00,10.4,88
2025-01-06T03:00,10.6,87
2025-01-06T04:00,10.7,86
2025-01-06T05:00,10.7,88
2025-01-06T06:00,10.1,92
2025-01-06T07:00,10.3,92
2025-01-06T08:00,10.6,93
2025-01-06T09:00,11.1,96
2025-01-06T10:00,12.0,97
2025-01-06T11:00,11.7,96
2025-01-06T12:00,11.9,95
2025-01-06T13:00,11.7,97
2025-01-06T14:00,11.5,97
2025-01-06T15:00,11.3,96
2025-01-06T16:00,11.3,94
2025-01-06T17:00,10.8,94
2025-01-06T18:00,10.4,95
2025-01-06T19:00,10.5,93
2025-01-06T20:00,10.6,93
2025-01-06T21:00,10.4,92
2025-01-06T22:00,10.1,93
2025-01-06T23:00,9.9,93
2025-01-07T00:00,9.9,93
2025-01-07T01:00,9.7,92
2025-01-07T02:00,9.3,93
2025-01-07T03:00,9.5,93
2025-01-07T04:00,8.7,90
2025-01-07T05:00,7.4,87
2025-01-07T06:00,7.2,84
2025-01-07T07:00,6.4,85
2025-01-07T08:00,6.6,85
2025-01-07T09:00,9.4,88
2025-01-07T10:00,11.4,69
2025-01-07T11:00,12.0,71
2025-01-07T12:00,12.6,74
2025-01-07T13:00,13.2,82
2025-01-07T14:00,14.1,80
2025-01-07T15:00,14.2,55
2025-01-07T16:00,12.7,46
2025-01-07T17:00,10.8,54
2025-01-07T18:00,9.9,53
2025-01-07T19:00,9.1,53
2025-01-07T20:00,8.8,53
2025-01-07T21:00,8.9,57
2025-01-07T22:00,9.1,61
2025-01-07T23:00,9.2,65
2025-01-08T00:00,9.0,67
2025-01-08T01:00,9.7,61
2025-01-08T02:00,10.0,65
2025-01-08T03:00,9.2,69
2025-01-08T04:00,8.2,70
2025-01-08T05:00,8.0,70
2025-01-08T06:00,7.6,73
2025-01-08T07:00,7.2,79
2025-01-08T08:00,8.0,80
2025-01-08T09:00,11.3,72
2025-01-08T10:00,14.7,70
2025-01-08T11:00,17.0,64
2025-01-08T12:00,18.0,63
2025-01-08T13:00,11.7,78
2025-01-08T14:00,12.0,81
2025-01-08T15:00,12.3,83
2025-01-08T16:00,11.9,85
2025-01-08T17:00,10.3,89
2025-01-08T18:00,10.5,85
2025-01-08T19:00,10.1,84
2025-01-08T20:00,11.3,82
2025-01-08T21:00,10.8,85
2025-01-08T22:00,10.3,90
2025-01-08T23:00,10.4,92
2025-01-09T00:00,10.2,93
2025-01-09T01:00,11.2,95
2025-01-09T02:00,11.2,95
2025-01-09T03:00,11.4,93
2025-01-09T04:00,10.9,91
2025-01-09T05:00,9.0,90
2025-01-09T06:00,8.2,88
2025-01-09T07:00,7.8,87
2025-01-09T08:00,8.0,89
2025-01-09T09:00,10.8,88
2025-01-09T10:00,13.3,80
2025-01-09T11:00,14.8,75
2025-01-09T12:00,17.7,63
2025-01-09T13:00,17.7,51
2025-01-09T14:00,16.7,55
2025-01-09T15:00,15.9,60
2025-01-09T16:00,14.9,63
2025-01-09T17:00,13.6,69
2025-01-09T18:00,13.3,72
2025-01-09T19:00,13.1,76
2025-01-09T20:00,12.8,77
2025-01-09T21:00,12.8,75
2025-01-09T22:00,12.9,71
2025-01-09T23:00,12.7,70
2025-01-10T00:00,12.0,68
2025-01-10T01:00,12.1,65
2025-01-10T02:00,11.2,58
2025-01-10T03:00,10.0,55
2025-01-10T04:00,8.7,62
2025-01-10T05:00,7.8,69
2025-01-10T06:00,7.0,75
2025-01-10T07:00,7.4,77
2025-01-10T08:00,8.7,76
2025-01-10T09:00,11.4,80
2025-01-10T10:00,12.7,72
2025-01-10T11:00,13.5,60
2025-01-10T12:00,13.7,58
2025-01-10T13:00,15.4,70
2025-01-10T14:00,15.1,66
2025-01-10T15:00,14.3,73
2025-01-10T16:00,12.5,79
2025-01-10T17:00,11.4,77
2025-01-10T18:00,11.6,79
2025-01-10T19:00,11.5,82
2025-01-10T20:00,11.1,82
2025-01-10T21:00,9.9,86
2025-01-10T22:00,9.4,84
2025-01-10T23:00,9.2,80
2025-01-11T00:00,8.5,79
2025-01-11T01:00,10.1,80
2025-01-11T02:00,9.0,84
2025-01-11T03:00,8.7,82
2025-01-11T04:00,8.0,82
2025-01-11T05:00,7.9,83
2025-01-11T06:00,7.4,84
2025-01-11T07:00,8.3,83
2025-01-11T08:00,8.9,83
2025-01-11T09:00,9.9,79
2025-01-11T10:00,11.0,76
2025-01-11T11:00,11.1,79
2025-01-11T12:00,11.8,72
2025-01-11T13:00,12.0,77
2025-01-11T14:00,11.5,77
2025-01-11T15:00,11.3,74
2025-01-11T16:00,10.9,80
2025-01-11T17:00,10.5,84
2025-01-11T18:00,9.8,87
2025-01-11T19:00,9.3,86
2025-01-11T20:00,8.4,86
2025-01-11T21:00,7.5,85
2025-01-11T22:00,6.5,83
2025-01-11T23:00,6.0,82
2025-01-12T00:00,5.5,81
2025-01-12T01:00,6.2,76
2025-01-12T02:00,5.3,79
2025-01-12T03:00,5.0,78
2025-01-12T04:00,5.0,74
2025-01-12T05:00,5.1,72
2025-01-12T06:00,5.2,68
2025-01-12T07:00,5.0,67
2025-01-12T08:00,5.2,67
2025-01-12T09:00,7.5,68
2025-01-12T10:00,9.5,61
2025-01-12T11:00,11.0,52
2025-01-12T12:00,11.2,54
2025-01-12T13:00,11.8,49
2025-01-12T14:00,11.7,53
2025-01-12T15:00,11.2,59
2025-01-12T16:00,9.4,70
2025-01-12T17:00,7.9,75
2025-01-12T18:00,7.4,75
2025-01-12T19:00,5.8,78
2025-01-12T20:00,4.6,80
2025-01-12T21:00,4.0,77
2025-01-12T22:00,4.4,69
2025-01-12T23:00,4.6,65
2025-01-13T00:00,4.9,63
2025-01-13T01:00,3.5,55
2025-01-13T02:00,3.1,53
2025-01-13T03:00,3.1,50
2025-01-13T04:00,3.3,49
2025-01-13T05:00,3.2,49
2025-01-13T06:00,3.2,48
2025-01-13T07:00,3.2,49
2025-01-13T08:00,4.0,50
2025-01-13T09:00,6.8,52
2025-01-13T10:00,10.0,51
2025-01-13T11:00,12.2,40
2025-01-13T12:00,12.0,42
2025-01-13T13:00,13.9,44
2025-01-13T14:00,14.1,38
2025-01-13T15:00,12.9,48
2025-01-13T16:00,10.2,55
2025-01-13T17:00,8.6,56
2025-01-13T18:00,7.9,73
2025-01-13T19:00,7.0,86
2025-01-13T20:00,5.3,81
2025-01-13T21:00,5.2,55
2025-01-13T22:00,3.5,46
2025-01-13T23:00,2.8,47
2025-01-14T00:00,2.1,49
2025-01-14T01:00,2.6,54
2025-01-14T02:00,2.6,52
2025-01-14T03:00,2.8,51
2025-01-14T04:00,3.1,50
2025-01-14T05:00,3.0,50
2025-01-14T06:00,2.5,53
2025-01-14T07:00,2.5,55
2025-01-14T08:00,3.9,55
2025-01-14T09:00,7.1,55
2025-01-14T10:00,10.0,51
2025-01-14T11:00,11.3,45
2025-01-14T12:00,11.8,42
2025-01-14T13:00,12.3,47
2025-01-14T14:00,12.3,46
2025-01-14T15:00,11.5,56
2025-01-14T16:00,9.1,70
2025-01-14T17:00,8.1,66
2025-01-14T18:00,7.0,65
2025-01-14T19:00,5.2,67
2025-01-14T20:00,4.3,68
2025-01-14T21:00,3.8,67
2025-01-14T22:00,3.9,62
2025-01-14T23:00,4.2,56
2025-01-15T00:00,4.3,50
2025-01-15T01:00,3.7,58
2025-01-15T02:00,3.9,54
2025-01-15T03:00,3.8,53
2025-01-15T04:00,3.6,54
2025-01-15T05:00,3.1,55
2025-01-15T06:00,2.7,56
2025-01-15T07:00,2.3,56
2025-01-15T08:00,3.6,56
2025-01-15T09:00,7.1,57
2025-01-15T10:00,10.1,55
2025-01-15T11:00,11.1,46
2025-01-15T12:00,11.3,46
2025-01-15T13:00,11.4,55
2025-01-15T14:00,11.5,56
2025-01-15T15:00,11.2,64
2025-01-15T16:00,9.3,74
2025-01-15T17:00,7.6,75
2025-01-15T18:00,5.6,77
2025-01-15T19:00,5.6,73
2025-01-15T20:00,5.4,73
2025-01-15T21:00,4.9,73
2025-01-15T22:00,5.0,69
2025-01-15T23:00,5.7,59
2025-01-16T00:00,5.7,54
2025-01-16T01:00,5.1,57
2025-01-16T02:00,4.7,57
2025-01-16T03:00,4.5,58
2025-01-16T04:00,3.8,60
2025-01-16T05:00,3.3,61
2025-01-16T06:00,3.0,61
2025-01-16T07:00,3.1,60
2025-01-16T08:00,4.2,57
2025-01-16T09:00,7.6,49
2025-01-16T10:00,10.1,43
2025-01-16T11:00,11.0,40
2025-01-16T12:00,11.7,37
2025-01-16T13:00,11.7,37
2025-01-16T14:00,11.2,38
2025-01-16T15:00,10.6,40
2025-01-16T16:00,10.0,42
2025-01-16T17:00,9.2,46
2025-01-16T18:00,7.7,54
2025-01-16T19:00,6.2,64
2025-01-16T20:00,5.5,69
2025-01-16T21:00,4.5,71
2025-01-16T22:00,3.5,69
2025-01-16T23:00,3.6,64
2025-01-17T00:00,4.1,60
2025-01-17T01:00,4.9,61
2025-01-17T02:00,5.1,59
2025-01-17T03:00,5.0,59
2025-01-17T04:00,4.6,60
2025-01-17T05:00,4.4,59
2025-01-17T06:00,4.1,59
2025-01-17T07:00,3.3,62
2025-01-17T08:00,4.3,61
2025-01-17T09:00,7.6,54
2025-01-17T10:00,10.1,54
2025-01-17T11:00,11.7,49
2025-01-17T12:00,11.9,51
2025-01-17T13:00,12.1,58
2025-01-17T14:00,12.4,59
2025-01-17T15:00,12.4,63
2025-01-17T16:00,10.9,69
2025-01-17T17:00,9.0,73
2025-01-17T18:00,7.5,73
2025-01-17T19:00,5.5,73
2025-01-17T20:00,4.7,64
2025-01-17T21:00,4.4,60
2025-01-17T22:00,4.2,58
2025-01-17T23:00,3.8,55
2025-01-18T00:00,3.8,50
2025-01-18T01:00,4.4,50
2025-01-18T02:00,4.2,49
2025-01-18T03:00,3.9,48
2025-01-18T04:00,3.7,47
2025-01-18T05:00,3.8,46
2025-01-18T06:00,4.3,44
2025-01-18T07:00,5.3,43
2025-01-18T08:00,7.1,42
2025-01-18T09:00,9.4,43
2025-01-18T10:00,11.7,43
2025-01-18T11:00,14.3,41
2025-01-18T12:00,15.9,37
2025-01-18T13:00,16.1,48
2025-01-18T14:00,14.7,53
2025-01-18T15:00,14.3,53
2025-01-18T16:00,13.5,53
2025-01-18T17:00,12.2,58
2025-01-18T18:00,11.5,57
2025-01-18T19:00,11.7,53
2025-01-18T20:00,11.5,55
2025-01-18T21:00,10.8,61
2025-01-18T22:00,10.0,69
2025-01-18T23:00,9.4,76
2025-01-19T00:00,8.6,75
2025-01-19T01:00,10.4,80
2025-01-19T02:00,9.7,79
2025-01-19T03:00,8.5,78
2025-01-19T04:00,7.6,73
2025-01-19T05:00,6.7,70
2025-01-19T06:00,6.3,68
2025-01-19T07:00,6.2,66
2025-01-19T08:00,7.3,64
2025-01-19T09:00,10.2,59
2025-01-19T10:00,12.9,54
2025-01-19T11:00,14.3,44
2025-01-19T12:00,14.8,43
2025-01-19T13:00,13.3,60
2025-01-19T14:00,13.3,63
2025-01-19T15:00,13.5,58
2025-01-19T16:00,12.9,60
2025-01-19T17:00,12.2,62
2025-01-19T18:00,11.4,67
2025-01-19T19:00,10.6,68
2025-01-19T20:00,9.7,67
2025-01-19T21:00,9.4,67
2025-01-19T22:00,8.6,70
2025-01-19T23:00,8.8,72
2025-01-20T00:00,8.9,71
2025-01-20T01:00,8.1,79
2025-01-20T02:00,8.7,72
2025-01-20T03:00,7.8,74
2025-01-20T04:00,7.6,73
2025-01-20T05:00,7.5,81
2025-01-20T06:00,7.8,81
2025-01-20T07:00,7.2,90
2025-01-20T08:00,6.6,86
2025-01-20T09:00,7.2,82
2025-01-20T10:00,7.8,82
2025-01-20T11:00,7.6,89
2025-01-20T12:00,7.7,89
2025-01-20T13:00,10.2,80
2025-01-20T14:00,10.3,75
2025-01-20T15:00,9.5,78
2025-01-20T16:00,9.0,78
2025-01-20T17:00,8.8,79
2025-01-20T18:00,8.7,82
2025-01-20T19:00,8.6,82
2025-01-20T20:00,8.7,81
2025-01-20T21:00,8.7,80
2025-01-20T22:00,8.5,76
2025-01-20T23:00,8.5,74
2025-01-21T00:00,8.4,73
2025-01-21T01:00,8.5,82
2025-01-21T02:00,7.4,80
2025-01-21T03:00,6.6,81
2025-01-21T04:00,5.9,81
2025-01-21T05:00,5.7,79
2025-01-21T06:00,5.9,77
2025-01-21T07:00,5.3,78
2025-01-21T08:00,6.1,79
2025-01-21T09:00,9.2,74
2025-01-21T10:00,11.4,72
2025-01-21T11:00,12.1,72
2025-01-21T12:00,12.1,73
2025-01-21T13:00,11.6,78
2025-01-21T14:00,11.6,79
2025-01-21T15:00,11.3,80
2025-01-21T16:00,10.5,86
2025-01-21T17:00,9.8,86
2025-01-21T18:00,9.5,87
2025-01-21T19:00,9.0,88
2025-01-21T20:00,9.1,89
2025-01-21T21:00,8.9,88
2025-01-21T22:00,8.5,88
2025-01-21T23:00,8.2,85
2025-01-22T00:00,8.5,83
2025-01-22T01:00,9.8,89
2025-01-22T02:00,9.9,90
2025-01-22T03:00,9.6,92
2025-01-22T04:00,9.5,92
2025-01-22T05:00,9.3,93
2025-01-22T06:00,9.3,91
2025-01-22T07:00,9.4,90
2025-01-22T08:00,9.5,90
2025-01-22T09:00,10.1,86
2025-01-22T10:00,10.6,85
2025-01-22T11:00,11.1,86
2025-01-22T12:00,11.4,85
2025-01-22T13:00,11.2,87
2025-01-22T14:00,11.3,86
2025-01-22T15:00,11.4,85
2025-01-22T16:00,11.2,85
2025-01-22T17:00,11.1,84
2025-01-22T18:00,11.1,83
2025-01-22T19:00,10.9,85
2025-01-22T20:00,10.5,87
2025-01-22T21:00,10.0,93
2025-01-22T22:00,9.9,94
2025-01-22T23:00,10.0,93
2025-01-23T00:00,10.0,93
2025-01-23T01:00,10.3,94
2025-01-23T02:00,10.3,93
2025-01-23T03:00,10.5,93
2025-01-23T04:00,10.5,93
2025-01-23T05:00,10.7,91
2025-01-23T06:00,10.5,94
2025-01-23T07:00,10.5,93
2025-01-23T08:00,10.8,92
2025-01-23T09:00,11.7,89
2025-01-23T10:00,12.1,87
2025-01-23T11:00,12.1,89
2025-01-23T12:00,12.3,89
2025-01-23T13:00,12.3,90
2025-01-23T14:00,12.0,92
2025-01-23T15:00,11.7,93
2025-01-23T16:00,11.2,95
2025-01-23T17:00,11.2,95
2025-01-23T18:00,11.2,92
2025-01-23T19:00,11.0,92
2025-01-23T20:00,11.1,93
2025-01-23T21:00,10.8,94
2025-01-23T22:00,10.3,96
2025-01-23T23:00,10.3,90
2025-01-24T00:00,9.9,75
2025-01-24T01:00,8.2,80
2025-01-24T02:00,7.0,75
2025-01-24T03:00,7.4,66
2025-01-24T04:00,7.9,63
2025-01-24T05:00,7.5,64
2025-01-24T06:00,7.2,62
2025-01-24T07:00,7.2,60
2025-01-24T08:00,8.5,61
2025-01-24T09:00,10.5,59
2025-01-24T10:00,11.7,76
2025-01-24T11:00,12.1,76
2025-01-24T12:00,12.7,71
2025-01-24T13:00,11.9,77
2025-01-24T14:00,11.7,79
2025-01-24T15:00,11.0,81
2025-01-24T16:00,10.0,87
2025-01-24T17:00,9.0,88
2025-01-24T18:00,8.5,88
2025-01-24T19:00,8.6,83
2025-01-24T20:00,8.6,80
2025-01-24T21:00,8.7,77
2025-01-24T22:00,8.7,76
2025-01-24T23:00,8.4,77
2025-01-25T00:00,7.6,79
2025-01-25T01:00,8.8,78
2025-01-25T02:00,9.1,80
2025-01-25T03:00,9.0,81
2025-01-25T04:00,9.0,80
2025-01-25T05:00,9.2,78
2025-01-25T06:00,8.5,81
2025-01-25T07:00,8.5,83
2025-01-25T08:00,10.1,82
2025-01-25T09:00,12.5,76
2025-01-25T10:00,13.9,73
2025-01-25T11:00,14.1,81
2025-01-25T12:00,14.4,86
2025-01-25T13:00,14.0,88
2025-01-25T14:00,13.8,88
2025-01-25T15:00,13.6,87
2025-01-25T16:00,12.7,92
2025-01-25T17:00,12.0,93
2025-01-25T18:00,12.4,93
2025-01-25T19:00,12.4,92
2025-01-25T20:00,12.3,91
2025-01-25T21:00,11.9,92
2025-01-25T22:00,11.8,90
2025-01-25T23:00,11.5,88
2025-01-26T00:00,11.2,87
2025-01-26T01:00,11.7,91
2025-01-26T02:00,11.4,88
2025-01-26T03:00,10.8,93
2025-01-26T04:00,11.2,90
2025-01-26T05:00,11.0,90
2025-01-26T06:00,10.2,89
2025-01-26T07:00,8.5,85
2025-01-26T08:00,8.4,84
2025-01-26T09:00,11.2,77
2025-01-26T10:00,13.5,60
2025-01-26T11:00,15.0,50
2025-01-26T12:00,14.8,56
2025-01-26T13:00,14.4,54
2025-01-26T14:00,14.5,51
2025-01-26T15:00,14.3,51
2025-01-26T16:00,13.2,56
2025-01-26T17:00,12.0,63
2025-01-26T18:00,11.1,71
2025-01-26T19:00,10.6,72
2025-01-26T20:00,10.6,70
2025-01-26T21:00,10.5,69
2025-01-26T22:00,10.6,73
2025-01-26T23:00,10.9,76
2025-01-27T00:00,11.3,79
2025-01-27T01:00,10.8,85
2025-01-27T02:00,10.6,88
2025-01-27T03:00,10.1,91
2025-01-27T04:00,10.0,93
2025-01-27T05:00,10.0,93
2025-01-27T06:00,10.3,94
2025-01-27T07:00,10.6,93
2025-01-27T08:00,11.1,90
2025-01-27T09:00,11.5,92
2025-01-27T10:00,11.5,94
2025-01-27T11:00,11.9,95
2025-01-27T12:00,12.2,96
2025-01-27T13:00,12.2,95
2025-01-27T14:00,12.3,95
2025-01-27T15:00,12.7,96
2025-01-27T16:00,12.7,97
2025-01-27T17:00,13.0,94
2025-01-27T18:00,13.1,93
2025-01-27T19:00,13.1,93
2025-01-27T20:00,12.6,95
2025-01-27T21:00,12.7,96
2025-01-27T22:00,12.3,97
2025-01-27T23:00,12.2,97
2025-01-28T00:00,12.5,95
2025-01-28T01:00,13.1,99
2025-01-28T02:00,12.7,98
2025-01-28T03:00,12.5,97
2025-01-28T04:00,12.9,95
2025-01-28T05:00,11.9,96
2025-01-28T06:00,10.7,90
2025-01-28T07:00,10.2,83
2025-01-28T08:00,11.2,64
2025-01-28T09:00,12.9,51
2025-01-28T10:00,13.5,50
2025-01-28T11:00,14.4,39
2025-01-28T12:00,14.6,40
2025-01-28T13:00,14.3,37
2025-01-28T14:00,13.5,41
2025-01-28T15:00,12.8,46
2025-01-28T16:00,11.4,54
2025-01-28T17:00,10.1,61
2025-01-28T18:00,9.7,66
2025-01-28T19:00,9.4,69
2025-01-28T20:00,9.3,70
2025-01-28T21:00,9.2,70
2025-01-28T22:00,9.3,70
2025-01-28T23:00,9.3,67
2025-01-29T00:00,8.9,67
2025-01-29T01:00,8.4,69
2025-01-29T02:00,8.2,66
2025-01-29T03:00,7.9,65
2025-01-29T04:00,7.6,63
2025-01-29T05:00,7.6,60
2025-01-29T06:00,7.4,58
2025-01-29T07:00,7.1,59
2025-01-29T08:00,7.9,59
2025-01-29T09:00,10.0,58
2025-01-29T10:00,12.0,54
2025-01-29T11:00,12.5,53
2025-01-29T12:00,12.8,49
2025-01-29T13:00,13.3,61
2025-01-29T14:00,13.1,65
2025-01-29T15:00,12.7,66
2025-01-29T16:00,11.8,74
2025-01-29T17:00,9.8,80
2025-01-29T18:00,9.3,78
2025-01-29T19:00,9.0,76
2025-01-29T20:00,8.5,75
2025-01-29T21:00,7.1,80
2025-01-29T22:00,6.9,78
2025-01-29T23:00,6.5,79
2025-01-30T00:00,7.0,77
2025-01-30T01:00,9.5,76
2025-01-30T02:00,9.7,78
2025-01-30T03:00,9.6,81
2025-01-30T04:00,9.2,86
2025-01-30T05:00,8.8,90
2025-01-30T06:00,8.7,91
2025-01-30T07:00,8.6,89
2025-01-30T08:00,9.1,89
2025-01-30T09:00,9.5,89
2025-01-30T10:00,9.6,88
2025-01-30T11:00,10.5,87
2025-01-30T12:00,10.4,87
2025-01-30T13:00,10.7,87
2025-01-30T14:00,10.6,87
2025-01-30T15:00,10.2,87
2025-01-30T16:00,10.3,86
2025-01-30T17:00,10.0,86
2025-01-30T18:00,9.4,88
2025-01-30T19:00,8.6,90
2025-01-30T20:00,8.2,90
2025-01-30T21:00,8.5,87
2025-01-30T22:00,9.0,83
2025-01-30T23:00,9.2,82
2025-01-31T00:00,9.2,84
2025-01-31T01:00,8.9,84
2025-01-31T02:00,8.8,91
2025-01-31T03:00,9.4,86
2025-01-31T04:00,9.4,86
2025-01-31T05:00,9.0,86
2025-01-31T06:00,8.8,86
2025-01-31T07:00,8.3,89
2025-01-31T08:00,9.0,90
2025-01-31T09:00,10.8,83
2025-01-31T10:00,11.9,74
2025-01-31T11:00,12.7,71
2025-01-31T12:00,12.9,72
2025-01-31T13:00,12.2,83
2025-01-31T14:00,12.0,86
2025-01-31T15:00,11.6,87
2025-01-31T16:00,10.7,93
2025-01-31T17:00,10.2,92
2025-01-31T18:00,9.9,92
2025-01-31T19:00,10.1,90
2025-01-31T20:00,9.8,91
2025-01-31T21:00,9.5,91
2025-01-31T22:00,9.6,91
2025-01-31T23:00,9.2,90
2025-02-01T00:00,9.4,88
2025-02-01T01:00,9.4,85
2025-02-01T02:00,9.8,87
2025-02-01T03:00,9.2,90
2025-02-01T04:00,8.8,91
2025-02-01T05:00,8.4,89
2025-02-01T06:00,7.8,90
2025-02-01T07:00,7.4,90
2025-02-01T08:00,7.3,94
2025-02-01T09:00,6.7,92
2025-02-01T10:00,7.3,87
2025-02-01T11:00,8.9,86
2025-02-01T12:00,9.6,80
2025-02-01T13:00,12.4,61
2025-02-01T14:00,12.8,59
2025-02-01T15:00,12.2,62
2025-02-01T16:00,11.9,62
2025-02-01T17:00,10.7,72
2025-02-01T18:00,8.1,88
2025-02-01T19:00,7.9,87
2025-02-01T20:00,7.7,88
2025-02-01T21:00,7.9,86
2025-02-01T22:00,7.7,91
2025-02-01T23:00,8.1,83
2025-02-02T00:00,8.4,79
2025-02-02T01:00,9.0,65
2025-02-02T02:00,8.2,70
2025-02-02T03:00,6.9,70
2025-02-02T04:00,6.2,72
2025-02-02T05:00,6.2,71
2025-02-02T06:00,6.4,68
2025-02-02T07:00,6.4,67
2025-02-02T08:00,7.7,66
2025-02-02T09:00,10.7,63
2025-02-02T10:00,13.4,55
2025-02-02T11:00,14.0,55
2025-02-02T12:00,13.0,66
2025-02-02T13:00,13.2,68
2025-02-02T14:00,13.5,68
2025-02-02T15:00,13.3,68
2025-02-02T16:00,12.3,78
2025-02-02T17:00,10.2,81
2025-02-02T18:00,9.5,82
2025-02-02T19:00,8.6,83
2025-02-02T20:00,7.5,82
2025-02-02T21:00,6.1,82
2025-02-02T22:00,5.9,76
2025-02-02T23:00,6.5,68
2025-02-03T00:00,6.4,68
2025-02-03T01:00,5.3,71
2025-02-03T02:00,5.3,66
2025-02-03T03:00,5.4,62
2025-02-03T04:00,5.5,61
2025-02-03T05:00,5.6,61
2025-02-03T06:00,5.4,61
2025-02-03T07:00,5.4,62
2025-02-03T08:00,7.4,61
2025-02-03T09:00,10.9,57
2025-02-03T10:00,13.9,53
2025-02-03T11:00,15.6,45
2025-02-03T12:00,15.9,50
2025-02-03T13:00,16.2,44
2025-02-03T14:00,16.1,42
2025-02-03T15:00,15.5,50
2025-02-03T16:00,14.1,55
2025-02-03T17:00,12.0,56
2025-02-03T18:00,11.6,56
2025-02-03T19:00,8.4,75
2025-02-03T20:00,6.5,81
2025-02-03T21:00,6.0,79
2025-02-03T22:00,6.4,73
2025-02-03T23:00,6.5,67
2025-02-04T00:00,6.3,65
2025-02-04T01:00,6.5,66
2025-02-04T02:00,6.9,61
2025-02-04T03:00,7.1,58
2025-02-04T04:00,6.6,58
2025-02-04T05:00,6.2,58
2025-02-04T06:00,5.7,60
2025-02-04T07:00,5.0,63
2025-02-04T08:00,6.8,65
2025-02-04T09:00,11.1,57
2025-02-04T10:00,13.2,58
2025-02-04T11:00,13.4,79
2025-02-04T12:00,13.3,80
2025-02-04T13:00,13.4,82
2025-02-04T14:00,13.3,81
2025-02-04T15:00,12.9,83
2025-02-04T16:00,11.8,89
2025-02-04T17:00,10.0,93
2025-02-04T18:00,9.7,92
2025-02-04T19:00,8.9,94
2025-02-04T20:00,8.4,91
2025-02-04T21:00,7.6,91
2025-02-04T22:00,7.2,91
2025-02-04T23:00,6.5,90
2025-02-05T00:00,6.1,89
2025-02-05T01:00,6.3,86
2025-02-05T02:00,5.8,84
2025-02-05T03:00,5.7,79
2025-02-05T04:00,5.8,76
2025-02-05T05:00,5.9,75
2025-02-05T06:00,6.0,73
2025-02-05T07:00,5.9,71
2025-02-05T08:00,7.5,69
2025-02-05T09:00,10.9,67
2025-02-05T10:00,13.1,59
2025-02-05T11:00,13.5,64
2025-02-05T12:00,13.5,65
2025-02-05T13:00,13.4,67
2025-02-05T14:00,13.3,65
2025-02-05T15:00,12.9,66
2025-02-05T16:00,11.9,77
2025-02-05T17:00,10.6,78
2025-02-05T18:00,9.7,80
2025-02-05T19:00,8.8,81
2025-02-05T20:00,7.8,82
2025-02-05T21:00,6.9,83
2025-02-05T22:00,6.8,80
2025-02-05T23:00,7.0,74
2025-02-06T00:00,7.1,71
2025-02-06T01:00,6.3,73
2025-02-06T02:00,6.9,68
2025-02-06T03:00,6.7,67
2025-02-06T04:00,6.3,65
2025-02-06T05:00,6.1,64
2025-02-06T06:00,5.8,63
2025-02-06T07:00,5.5,59
2025-02-06T08:00,7.3,57
2025-02-06T09:00,11.3,59
2025-02-06T10:00,14.6,50
2025-02-06T11:00,14.6,39
2025-02-06T12:00,14.0,41
2025-02-06T13:00,14.2,49
2025-02-06T14:00,14.0,46
2025-02-06T15:00,13.7,47
2025-02-06T16:00,12.5,60
2025-02-06T17:00,10.8,56
2025-02-06T18:00,10.0,54
2025-02-06T19:00,9.1,55
2025-02-06T20:00,7.4,65
2025-02-06T21:00,6.1,68
2025-02-06T22:00,5.9,67
2025-02-06T23:00,5.3,68
2025-02-07T00:00,5.6,64
2025-02-07T01:00,5.1,62
2025-02-07T02:00,5.5,59
2025-02-07T03:00,5.1,59
2025-02-07T04:00,4.8,60
2025-02-07T05:00,4.3,61
2025-02-07T06:00,4.2,61
2025-02-07T07:00,3.9,61
2025-02-07T08:00,5.3,61
2025-02-07T09:00,8.9,59
2025-02-07T10:00,11.9,45
2025-02-07T11:00,12.5,47
2025-02-07T12:00,12.6,51
2025-02-07T13:00,12.5,55
2025-02-07T14:00,12.2,56
2025-02-07T15:00,11.9,58
2025-02-07T16:00,11.4,63
2025-02-07T17:00,11.2,63
2025-02-07T18:00,11.0,62
2025-02-07T19:00,10.8,63
2025-02-07T20:00,10.6,64
2025-02-07T21:00,10.3,66
2025-02-07T22:00,9.6,70
2025-02-07T23:00,9.3,72
2025-02-08T00:00,9.1,76
2025-02-08T01:00,9.3,69
2025-02-08T02:00,9.6,71
2025-02-08T03:00,9.1,75
2025-02-08T04:00,8.9,73
2025-02-08T05:00,8.5,73
2025-02-08T06:00,8.6,72
2025-02-08T07:00,8.4,71
2025-02-08T08:00,9.1,67
2025-02-08T09:00,9.7,73
2025-02-08T10:00,10.8,74
2025-02-08T11:00,12.1,68
2025-02-08T12:00,12.8,60
2025-02-08T13:00,13.0,55
2025-02-08T14:00,12.7,55
2025-02-08T15:00,12.0,57
2025-02-08T16:00,10.9,67
2025-02-08T17:00,10.5,66
2025-02-08T18:00,10.1,69
2025-02-08T19:00,9.7,74
2025-02-08T20:00,9.3,76
2025-02-08T21:00,9.2,79
2025-02-08T22:00,9.2,78
2025-02-08T23:00,9.1,74
2025-02-09T00:00,8.9,70
2025-02-09T01:00,8.6,68
2025-02-09T02:00,7.3,64
2025-02-09T03:00,6.3,65
2025-02-09T04:00,6.4,64
2025-02-09T05:00,6.8,60
2025-02-09T06:00,6.6,61
2025-02-09T07:00,6.1,62
2025-02-09T08:00,7.8,62
2025-02-09T09:00,10.8,54
2025-02-09T10:00,12.9,50
2025-02-09T11:00,13.1,51
2025-02-09T12:00,13.0,56
2025-02-09T13:00,14.2,68
2025-02-09T14:00,13.8,68
2025-02-09T15:00,13.2,69
2025-02-09T16:00,12.3,76
2025-02-09T17:00,10.7,84
2025-02-09T18:00,9.9,84
2025-02-09T19:00,8.8,87
2025-02-09T20:00,8.8,84
2025-02-09T21:00,7.9,85
2025-02-09T22:00,7.2,84
2025-02-09T23:00,6.7,84
2025-02-10T00:00,7.2,81
2025-02-10T01:00,8.3,82
2025-02-10T02:00,9.0,78
2025-02-10T03:00,9.0,78
2025-02-10T04:00,9.1,78
2025-02-10T05:00,8.1,80
2025-02-10T06:00,7.2,82
2025-02-10T07:00,6.9,82
2025-02-10T08:00,9.0,79
2025-02-10T09:00,11.8,71
2025-02-10T10:00,12.5,75
2025-02-10T11:00,12.6,76
2025-02-10T12:00,12.6,75
2025-02-10T13:00,12.7,74
2025-02-10T14:00,12.8,75
2025-02-10T15:00,12.0,82
2025-02-10T16:00,11.4,85
2025-02-10T17:00,11.1,89
2025-02-10T18:00,11.0,87
2025-02-10T19:00,10.4,90
2025-02-10T20:00,9.8,90
2025-02-10T21:00,9.2,90
2025-02-10T22:00,9.2,90
2025-02-10T23:00,9.0,89
2025-02-11T00:00,8.4,90
2025-02-11T01:00,9.6,89
2025-02-11T02:00,9.1,90
2025-02-11T03:00,8.2,91
2025-02-11T04:00,7.8,90
2025-02-11T05:00,7.5,89
2025-02-11T06:00,7.5,89
2025-02-11T07:00,8.0,90
2025-02-11T08:00,9.6,87
2025-02-11T09:00,10.9,84
2025-02-11T10:00,11.6,79
2025-02-11T11:00,11.9,80
2025-02-11T12:00,12.0,83
2025-02-11T13:00,12.2,85
2025-02-11T14:00,12.3,84
2025-02-11T15:00,11.5,88
2025-02-11T16:00,11.2,90
2025-02-11T17:00,10.8,93
2025-02-11T18:00,10.7,94
2025-02-11T19:00,10.8,93
2025-02-11T20:00,10.8,92
2025-02-11T21:00,10.5,95
2025-02-11T22:00,10.6,94
2025-02-11T23:00,10.4,94
2025-02-12T00:00,10.1,95
2025-02-12T01:00,9.8,95
2025-02-12T02:00,10.0,95
2025-02-12T03:00,10.0,95
2025-02-12T04:00,9.9,95
2025-02-12T05:00,10.1,92
2025-02-12T06:00,9.8,94
2025-02-12T07:00,10.0,92
2025-02-12T08:00,10.6,91
2025-02-12T09:00,11.0,94
2025-02-12T10:00,11.6,85
2025-02-12T11:00,12.2,77
2025-02-12T12:00,12.6,76
2025-02-12T13:00,13.0,76
2025-02-12T14:00,12.6,80
2025-02-12T15:00,12.8,79
2025-02-12T16:00,12.2,81
2025-02-12T17:00,11.1,90
2025-02-12T18:00,10.5,90
2025-02-12T19:00,9.9,89
2025-02-12T20:00,10.1,87
2025-02-12T21:00,10.1,87
2025-02-12T22:00,9.9,87
2025-02-12T23:00,9.7,87
2025-02-13T00:00,9.4,86
2025-02-13T01:00,9.8,84
2025-02-13T02:00,8.7,85
2025-02-13T03:00,7.6,87
2025-02-13T04:00,6.9,87
2025-02-13T05:00,6.5,86
2025-02-13T06:00,6.1,85
2025-02-13T07:00,6.2,83
2025-02-13T08:00,8.8,78
2025-02-13T09:00,11.5,75
2025-02-13T10:00,12.6,67
2025-02-13T11:00,12.7,68
2025-02-13T12:00,12.3,72
2025-02-13T13:00,13.0,75
2025-02-13T14:00,13.0,78
2025-02-13T15:00,12.1,84
2025-02-13T16:00,11.8,85
2025-02-13T17:00,10.5,92
2025-02-13T18:00,11.2,90
2025-02-13T19:00,11.1,89
2025-02-13T20:00,10.6,90
2025-02-13T21:00,10.3,90
2025-02-13T22:00,9.3,86
2025-02-13T23:00,8.3,81
2025-02-14T00:00,7.5,76
2025-02-14T01:00,7.5,78
2025-02-14T02:00,6.7,81
2025-02-14T03:00,6.3,79
2025-02-14T04:00,6.0,77
2025-02-14T05:00,5.6,75
2025-02-14T06:00,5.3,74
2025-02-14T07:00,5.2,74
2025-02-14T08:00,7.5,70
2025-02-14T09:00,10.7,63
2025-02-14T10:00,12.2,54
2025-02-14T11:00,12.0,66
2025-02-14T12:00,11.8,76
2025-02-14T13:00,13.1,75
2025-02-14T14:00,12.7,70
2025-02-14T15:00,12.7,66
2025-02-14T16:00,10.6,85
2025-02-14T17:00,10.6,88
2025-02-14T18:00,9.7,67
2025-02-14T19:00,8.5,58
2025-02-14T20:00,6.8,60
2025-02-14T21:00,5.0,65
2025-02-14T22:00,4.1,64
2025-02-14T23:00,3.5,62
2025-02-15T00:00,3.2,59
2025-02-15T01:00,4.1,58
2025-02-15T02:00,4.3,53
2025-02-15T03:00,4.0,51
2025-02-15T04:00,3.7,50
2025-02-15T05:00,3.7,50
2025-02-15T06:00,3.7,48
2025-02-15T07:00,3.7,49
2025-02-15T08:00,5.9,52
2025-02-15T09:00,9.7,52
2025-02-15T10:00,12.0,36
2025-02-15T11:00,12.6,36
2025-02-15T12:00,12.7,36
2025-02-15T13:00,13.3,39
2025-02-15T14:00,12.7,45
2025-02-15T15:00,11.8,58
2025-02-15T16:00,10.9,69
2025-02-15T17:00,9.5,76
2025-02-15T18:00,8.8,77
2025-02-15T19:00,7.9,77
2025-02-15T20:00,6.8,76
2025-02-15T21:00,5.7,76
2025-02-15T22:00,4.9,78
2025-02-15T23:00,4.8,76
2025-02-16T00:00,4.7,75
2025-02-16T01:00,4.1,75
2025-02-16T02:00,3.3,73
2025-02-16T03:00,3.1,67
2025-02-16T04:00,3.1,64
2025-02-16T05:00,3.1,63
2025-02-16T06:00,2.9,62
2025-02-16T07:00,3.0,63
2025-02-16T08:00,6.4,63
2025-02-16T09:00,10.2,51
2025-02-16T10:00,10.9,52
2025-02-16T11:00,11.3,58
2025-02-16T12:00,11.4,60
2025-02-16T13:00,11.4,64
2025-02-16T14:00,11.7,63
2025-02-16T15:00,11.5,67
2025-02-16T16:00,10.8,74
2025-02-16T17:00,9.9,83
2025-02-16T18:00,9.6,86
2025-02-16T19:00,9.0,86
2025-02-16T20:00,8.2,85
2025-02-16T21:00,7.3,85
2025-02-16T22:00,6.5,83
2025-02-16T23:00,6.1,83
2025-02-17T00:00,5.7,82
2025-02-17T01:00,7.2,83
2025-02-17T02:00,7.0,83
2025-02-17T03:00,6.7,83
2025-02-17T04:00,6.6,83
2025-02-17T05:00,6.3,80
2025-02-17T06:00,5.9,78
2025-02-17T07:00,6.0,77
2025-02-17T08:00,8.4,72
2025-02-17T09:00,10.3,67
2025-02-17T10:00,11.5,64
2025-02-17T11:00,11.7,66
2025-02-17T12:00,11.5,69
2025-02-17T13:00,11.7,68
2025-02-17T14:00,11.1,68
2025-02-17T15:00,11.0,65
2025-02-17T16:00,10.6,66
2025-02-17T17:00,9.4,78
2025-02-17T18:00,9.1,76
2025-02-17T19:00,8.4,78
2025-02-17T20:00,8.1,80
2025-02-17T21:00,7.3,83
2025-02-17T22:00,6.7,84
2025-02-17T23:00,6.5,84
2025-02-18T00:00,6.9,84
2025-02-18T01:00,8.5,83
2025-02-18T02:00,8.8,84
2025-02-18T03:00,8.7,88
2025-02-18T04:00,9.0,86
2025-02-18T05:00,8.9,87
2025-02-18T06:00,8.6,87
2025-02-18T07:00,8.7,88
2025-02-18T08:00,9.2,83
2025-02-18T09:00,9.6,76
2025-02-18T10:00,10.1,74
2025-02-18T11:00,10.4,72
2025-02-18T12:00,10.4,73
2025-02-18T13:00,10.2,79
2025-02-18T14:00,10.5,77
2025-02-18T15:00,10.2,77
2025-02-18T16:00,9.6,78
2025-02-18T17:00,9.3,80
2025-02-18T18:00,9.4,80
2025-02-18T19:00,9.7,80
2025-02-18T20:00,9.8,76
2025-02-18T21:00,9.8,75
2025-02-18T22:00,9.3,80
2025-02-18T23:00,9.4,82
2025-02-19T00:00,8.9,85
2025-02-19T01:00,9.3,82
2025-02-19T02:00,9.0,83
2025-02-19T03:00,8.8,84
2025-02-19T04:00,8.1,86
2025-02-19T05:00,7.7,84
2025-02-19T06:00,7.8,83
2025-02-19T07:00,7.9,82
2025-02-19T08:00,9.6,79
2025-02-19T09:00,11.1,64
2025-02-19T10:00,11.4,61
2025-02-19T11:00,11.4,60
2025-02-19T12:00,11.3,60
2025-02-19T13:00,10.9,61
2025-02-19T14:00,10.7,63
2025-02-19T15:00,10.6,64
2025-02-19T16:00,10.2,66
2025-02-19T17:00,9.6,71
2025-02-19T18:00,9.3,72
2025-02-19T19:00,8.7,74
2025-02-19T20:00,8.6,75
2025-02-19T21:00,8.5,74
2025-02-19T22:00,7.9,77
2025-02-19T23:00,7.5,80
2025-02-20T00:00,6.5,83
2025-02-20T01:00,7.8,80
2025-02-20T02:00,7.3,82
2025-02-20T03:00,7.3,81
2025-02-20T04:00,7.2,81
2025-02-20T05:00,6.6,82
2025-02-20T06:00,6.0,81
2025-02-20T07:00,6.1,79
2025-02-20T08:00,8.5,75
2025-02-20T09:00,10.7,68
2025-02-20T10:00,11.3,68
2025-02-20T11:00,11.6,68
2025-02-20T12:00,12.0,64
2025-02-20T13:00,12.1,59
2025-02-20T14:00,12.0,59
2025-02-20T15:00,11.4,64
2025-02-20T16:00,10.8,67
2025-02-20T17:00,9.6,77
2025-02-20T18:00,9.0,77
2025-02-20T19:00,8.9,77
2025-02-20T20:00,8.1,79
2025-02-20T21:00,7.3,81
2025-02-20T22:00,7.0,82
2025-02-20T23:00,7.0,81
2025-02-21T00:00,6.9,80
2025-02-21T01:00,7.0,76
2025-02-21T02:00,6.6,77
2025-02-21T03:00,6.5,75
2025-02-21T04:00,6.7,72
2025-02-21T05:00,6.8,70
2025-02-21T06:00,7.9,67
2025-02-21T07:00,8.7,66
2025-02-21T08:00,10.6,65
2025-02-21T09:00,12.8,60
2025-02-21T10:00,13.9,65
2025-02-21T11:00,14.0,71
2025-02-21T12:00,13.9,75
2025-02-21T13:00,13.8,77
2025-02-21T14:00,13.6,79
2025-02-21T15:00,13.2,81
2025-02-21T16:00,12.6,84
2025-02-21T17:00,11.7,89
2025-02-21T18:00,11.1,89
2025-02-21T19:00,11.0,88
2025-02-21T20:00,10.6,89
2025-02-21T21:00,10.6,88
2025-02-21T22:00,10.2,88
2025-02-21T23:00,10.4,85
2025-02-22T00:00,10.6,84
2025-02-22T01:00,10.1,85
2025-02-22T02:00,11.0,82
2025-02-22T03:00,11.1,81
2025-02-22T04:00,11.0,82
2025-02-22T05:00,11.2,79
2025-02-22T06:00,11.1,80
2025-02-22T07:00,10.9,83
2025-02-22T08:00,11.3,84
2025-02-22T09:00,11.9,82
2025-02-22T10:00,12.8,73
2025-02-22T11:00,13.0,75
2025-02-22T12:00,12.7,80
2025-02-22T13:00,12.2,90
2025-02-22T14:00,12.8,86
2025-02-22T15:00,13.1,84
2025-02-22T16:00,12.8,87
2025-02-22T17:00,12.5,91
2025-02-22T18:00,11.8,92
2025-02-22T19:00,10.7,93
2025-02-22T20:00,10.5,90
2025-02-22T21:00,10.0,89
2025-02-22T22:00,10.0,89
2025-02-22T23:00,9.3,89
2025-02-23T00:00,8.9,89
2025-02-23T01:00,9.7,90
2025-02-23T02:00,9.5,90
2025-02-23T03:00,9.4,89
2025-02-23T04:00,9.0,88
2025-02-23T05:00,9.1,87
2025-02-23T06:00,9.3,87
2025-02-23T07:00,9.5,87
2025-02-23T08:00,11.9,86
2025-02-23T09:00,14.2,68
2025-02-23T10:00,15.0,66
2025-02-23T11:00,15.1,67
2025-02-23T12:00,15.0,69
2025-02-23T13:00,15.3,75
2025-02-23T14:00,14.7,82
2025-02-23T15:00,14.1,87
2025-02-23T16:00,13.6,92
2025-02-23T17:00,12.6,97
2025-02-23T18:00,11.7,99
2025-02-23T19:00,11.9,98
2025-02-23T20:00,12.3,96
2025-02-23T21:00,12.0,95
2025-02-23T22:00,11.5,96
2025-02-23T23:00,11.1,95
2025-02-24T00:00,11.2,94
2025-02-24T01:00,12.1,94
2025-02-24T02:00,12.2,92
2025-02-24T03:00,10.8,92
2025-02-24T04:00,10.4,87
2025-02-24T05:00,10.0,83
2025-02-24T06:00,10.0,82
2025-02-24T07:00,10.1,84
2025-02-24T08:00,11.4,83
2025-02-24T09:00,13.3,75
2025-02-24T10:00,14.3,77
2025-02-24T11:00,14.2,81
2025-02-24T12:00,14.3,83
2025-02-24T13:00,14.6,83
2025-02-24T14:00,14.0,88
2025-02-24T15:00,13.3,95
2025-02-24T16:00,13.1,96
2025-02-24T17:00,13.0,97
2025-02-24T18:00,12.8,98
2025-02-24T19:00,12.6,98
2025-02-24T20:00,12.5,97
2025-02-24T21:00,12.2,96
2025-02-24T22:00,11.7,96
2025-02-24T23:00,10.8,96
2025-02-25T00:00,10.3,97
2025-02-25T01:00,10.1,95
2025-02-25T02:00,9.9,93
2025-02-25T03:00,10.1,93
2025-02-25T04:00,10.7,90
2025-02-25T05:00,10.8,89
2025-02-25T06:00,10.7,90
2025-02-25T07:00,11.3,87
2025-02-25T08:00,12.1,85
2025-02-25T09:00,12.5,87
2025-02-25T10:00,13.3,83
2025-02-25T11:00,13.7,80
2025-02-25T12:00,13.8,83
2025-02-25T13:00,13.9,82
2025-02-25T14:00,12.9,89
2025-02-25T15:00,12.7,91
2025-02-25T16:00,13.1,88
2025-02-25T17:00,12.3,95
2025-02-25T18:00,11.8,98
2025-02-25T19:00,11.5,98
2025-02-25T20:00,11.5,96
2025-02-25T21:00,10.9,92
2025-02-25T22:00,9.3,86
2025-02-25T23:00,8.5,81
2025-02-26T00:00,8.4,76
2025-02-26T01:00,9.1,78
2025-02-26T02:00,8.5,76
2025-02-26T03:00,8.3,72
2025-02-26T04:00,8.0,70
2025-02-26T05:00,7.6,69
2025-02-26T06:00,7.5,66
2025-02-26T07:00,7.6,66
2025-02-26T08:00,10.1,60
2025-02-26T09:00,12.7,51
2025-02-26T10:00,14.1,49
2025-02-26T11:00,14.6,62
2025-02-26T12:00,15.8,56
2025-02-26T13:00,16.8,48
2025-02-26T14:00,15.6,62
2025-02-26T15:00,14.7,68
2025-02-26T16:00,14.5,74
2025-02-26T17:00,12.8,87
2025-02-26T18:00,11.6,86
2025-02-26T19:00,11.3,78
2025-02-26T20:00,10.2,73
2025-02-26T21:00,8.0,77
2025-02-26T22:00,6.9,77
2025-02-26T23:00,7.1,71
2025-02-27T00:00,7.5,63
2025-02-27T01:00,7.4,67
2025-02-27T02:00,7.6,59
2025-02-27T03:00,7.7,57
2025-02-27T04:00,7.6,56
2025-02-27T05:00,7.6,56
2025-02-27T06:00,7.4,56
2025-02-27T07:00,8.0,58
2025-02-27T08:00,10.8,60
2025-02-27T09:00,13.8,57
2025-02-27T10:00,14.5,51
2025-02-27T11:00,14.7,53
2025-02-27T12:00,14.5,55
2025-02-27T13:00,14.9,56
2025-02-27T14:00,14.4,61
2025-02-27T15:00,13.8,62
2025-02-27T16:00,13.2,62
2025-02-27T17:00,11.7,75
2025-02-27T18:00,11.2,73
2025-02-27T19:00,10.1,76
2025-02-27T20:00,9.1,80
2025-02-27T21:00,8.3,81
2025-02-27T22:00,8.2,79
2025-02-27T23:00,7.8,78
2025-02-28T00:00,7.1,77
2025-02-28T01:00,8.0,76
2025-02-28T02:00,7.3,80
2025-02-28T03:00,6.8,80
2025-02-28T04:00,6.9,78
2025-02-28T05:00,7.1,76
2025-02-28T06:00,7.3,76
2025-02-28T07:00,8.0,75
2025-02-28T08:00,10.1,72
2025-02-28T09:00,12.3,67
2025-02-28T10:00,13.3,69
2025-02-28T11:00,13.8,69
2025-02-28T12:00,13.7,69
2025-02-28T13:00,13.9,67
2025-02-28T14:00,13.6,68
2025-02-28T15:00,13.2,69
2025-02-28T16:00,12.4,73
2025-02-28T17:00,11.2,85
2025-02-28T18:00,10.2,90
2025-02-28T19:00,10.0,90
2025-02-28T20:00,9.5,90
2025-02-28T21:00,8.9,87
2025-02-28T22:00,8.0,87
2025-02-28T23:00,7.0,87
2025-03-01T00:00,6.3,86
2025-03-01T01:00,7.9,88
2025-03-01T02:00,7.4,88
2025-03-01T03:00,6.9,86
2025-03-01T04:00,6.5,84
2025-03-01T05:00,6.0,83
2025-03-01T06:00,6.1,82
2025-03-01T07:00,7.4,78
2025-03-01T08:00,9.8,75
2025-03-01T09:00,12.2,61
2025-03-01T10:00,13.3,53
2025-03-01T11:00,13.5,56
2025-03-01T12:00,13.7,54
2025-03-01T13:00,13.9,54
2025-03-01T14:00,14.2,51
2025-03-01T15:00,14.4,49
2025-03-01T16:00,14.1,51
2025-03-01T17:00,13.0,56
2025-03-01T18:00,11.7,56
2025-03-01T19:00,10.9,57
2025-03-01T20:00,9.8,63
2025-03-01T21:00,9.4,65
2025-03-01T22:00,9.9,62
2025-03-01T23:00,10.2,60
2025-03-02T00:00,10.3,59
2025-03-02T01:00,10.5,55
2025-03-02T02:00,10.0,58
2025-03-02T03:00,9.3,59
2025-03-02T04:00,9.1,59
2025-03-02T05:00,8.6,61
2025-03-02T06:00,7.9,63
2025-03-02T07:00,8.4,63
2025-03-02T08:00,10.9,63
2025-03-02T09:00,13.2,46
2025-03-02T10:00,14.5,44
2025-03-02T11:00,15.1,47
2025-03-02T12:00,15.4,47
2025-03-02T13:00,15.5,46
2025-03-02T14:00,15.3,46
2025-03-02T15:00,14.8,49
2025-03-02T16:00,14.1,54
2025-03-02T17:00,13.0,59
2025-03-02T18:00,11.3,74
2025-03-02T19:00,10.0,80
2025-03-02T20:00,8.7,80
2025-03-02T21:00,7.3,77
2025-03-02T22:00,6.5,73
2025-03-02T23:00,6.1,70
2025-03-03T00:00,5.8,67
2025-03-03T01:00,6.0,64
2025-03-03T02:00,6.1,59
2025-03-03T03:00,5.8,58
2025-03-03T04:00,5.6,56
2025-03-03T05:00,5.5,54
2025-03-03T06:00,5.3,52
2025-03-03T07:00,5.9,52
2025-03-03T08:00,9.3,53
2025-03-03T09:00,13.1,46
2025-03-03T10:00,15.1,29
2025-03-03T11:00,15.2,29
2025-03-03T12:00,15.2,34
2025-03-03T13:00,15.2,45
2025-03-03T14:00,14.7,55
2025-03-03T15:00,13.9,61
2025-03-03T16:00,13.4,63
2025-03-03T17:00,12.3,74
2025-03-03T18:00,10.8,76
2025-03-03T19:00,10.0,77
2025-03-03T20:00,8.6,81
2025-03-03T21:00,8.1,78
2025-03-03T22:00,8.0,73
2025-03-03T23:00,7.6,69
2025-03-04T00:00,7.2,65
2025-03-04T01:00,6.5,67
2025-03-04T02:00,6.4,63
2025-03-04T03:00,6.3,59
2025-03-04T04:00,6.2,57
2025-03-04T05:00,5.9,55
2025-03-04T06:00,5.8,54
2025-03-04T07:00,7.0,52
2025-03-04T08:00,10.2,54
2025-03-04T09:00,13.6,46
2025-03-04T10:00,14.5,45
2025-03-04T11:00,14.7,54
2025-03-04T12:00,15.0,53
2025-03-04T13:00,15.1,56
2025-03-04T14:00,14.9,60
2025-03-04T15:00,14.6,60
2025-03-04T16:00,14.3,60
2025-03-04T17:00,13.2,71
2025-03-04T18:00,11.9,68
2025-03-04T19:00,10.6,76
2025-03-04T20:00,9.2,77
2025-03-04T21:00,8.3,78
2025-03-04T22:00,7.8,77
2025-03-04T23:00,7.5,74
2025-03-05T00:00,7.6,69
2025-03-05T01:00,6.7,72
2025-03-05T02:00,7.1,67
2025-03-05T03:00,7.0,65
2025-03-05T04:00,6.7,63
2025-03-05T05:00,6.3,62
2025-03-05T06:00,6.1,60
2025-03-05T07:00,7.1,58
2025-03-05T08:00,10.2,58
2025-03-05T09:00,14.1,52
2025-03-05T10:00,15.6,34
2025-03-05T11:00,15.4,46
2025-03-05T12:00,15.4,50
2025-03-05T13:00,15.2,48
2025-03-05T14:00,15.2,50
2025-03-05T15:00,14.9,52
2025-03-05T16:00,14.2,54
2025-03-05T17:00,13.0,62
2025-03-05T18:00,11.3,68
2025-03-05T19:00,9.9,74
2025-03-05T20:00,9.0,75
2025-03-05T21:00,8.3,75
2025-03-05T22:00,7.6,75
2025-03-05T23:00,7.2,73
2025-03-06T00:00,7.1,70
2025-03-06T01:00,7.6,63
2025-03-06T02:00,7.7,59
2025-03-06T03:00,7.5,59
2025-03-06T04:00,7.2,60
2025-03-06T05:00,6.7,62
2025-03-06T06:00,6.4,62
2025-03-06T07:00,7.5,62
2025-03-06T08:00,10.6,60
2025-03-06T09:00,13.5,51
2025-03-06T10:00,14.7,50
2025-03-06T11:00,14.9,61
2025-03-06T12:00,15.1,63
2025-03-06T13:00,14.8,62
2025-03-06T14:00,14.5,67
2025-03-06T15:00,14.1,70
2025-03-06T16:00,13.6,71
2025-03-06T17:00,13.0,71
2025-03-06T18:00,12.8,64
2025-03-06T19:00,12.8,53
2025-03-06T20:00,12.7,48
2025-03-06T21:00,11.9,51
2025-03-06T22:00,10.9,55
2025-03-06T23:00,10.4,55
2025-03-07T00:00,9.9,55
2025-03-07T01:00,11.0,47
2025-03-07T02:00,10.9,48
2025-03-07T03:00,10.5,52
2025-03-07T04:00,10.0,54
2025-03-07T05:00,9.9,55
2025-03-07T06:00,9.3,59
2025-03-07T07:00,9.8,61
2025-03-07T08:00,12.5,61
2025-03-07T09:00,14.9,50
2025-03-07T10:00,15.2,51
2025-03-07T11:00,15.4,49
2025-03-07T12:00,15.3,50
2025-03-07T13:00,15.7,50
2025-03-07T14:00,15.4,54
2025-03-07T15:00,15.1,57
2025-03-07T16:00,14.5,60
2025-03-07T17:00,13.3,68
2025-03-07T18:00,12.1,67
2025-03-07T19:00,10.7,73
2025-03-07T20:00,9.2,77
2025-03-07T21:00,8.4,78
2025-03-07T22:00,7.6,79
2025-03-07T23:00,7.2,77
2025-03-08T00:00,6.8,73
2025-03-08T01:00,7.6,67
2025-03-08T02:00,8.3,61
2025-03-08T03:00,8.1,60
2025-03-08T04:00,7.5,61
2025-03-08T05:00,6.7,64
2025-03-08T06:00,6.4,65
2025-03-08T07:00,7.8,64
2025-03-08T08:00,11.5,62
2025-03-08T09:00,15.1,51
2025-03-08T10:00,16.0,43
2025-03-08T11:00,16.0,47
2025-03-08T12:00,15.8,51
2025-03-08T13:00,15.7,54
2025-03-08T14:00,15.4,56
2025-03-08T15:00,15.1,57
2025-03-08T16:00,14.7,60
2025-03-08T17:00,13.7,65
2025-03-08T18:00,12.8,70
2025-03-08T19:00,12.1,67
2025-03-08T20:00,11.6,62
2025-03-08T21:00,11.3,60
2025-03-08T22:00,10.4,64
2025-03-08T23:00,9.9,64
2025-03-09T00:00,10.3,61
2025-03-09T01:00,10.7,59
2025-03-09T02:00,10.6,58
2025-03-09T03:00,10.7,58
2025-03-09T04:00,11.4,57
2025-03-09T05:00,11.9,56
2025-03-09T06:00,11.5,58
2025-03-09T07:00,12.9,55
2025-03-09T08:00,14.4,51
2025-03-09T09:00,15.2,53
2025-03-09T10:00,15.8,56
2025-03-09T11:00,16.1,58
2025-03-09T12:00,16.2,59
2025-03-09T13:00,15.7,59
2025-03-09T14:00,15.1,65
2025-03-09T15:00,13.8,74
2025-03-09T16:00,13.7,70
2025-03-09T17:00,12.2,87
2025-03-09T18:00,12.3,87
2025-03-09T19:00,12.3,88
2025-03-09T20:00,12.2,88
2025-03-09T21:00,12.1,89
2025-03-09T22:00,12.0,88
2025-03-09T23:00,11.8,90
2025-03-10T00:00,11.3,94
2025-03-10T01:00,11.2,90
2025-03-10T02:00,10.9,91
2025-03-10T03:00,9.9,89
2025-03-10T04:00,9.8,86
2025-03-10T05:00,9.6,87
2025-03-10T06:00,7.8,89
2025-03-10T07:00,9.1,89
2025-03-10T08:00,11.8,78
2025-03-10T09:00,12.6,72
2025-03-10T10:00,13.5,69
2025-03-10T11:00,14.1,69
2025-03-10T12:00,14.1,73
2025-03-10T13:00,13.7,73
2025-03-10T14:00,12.6,83
2025-03-10T15:00,11.8,85
2025-03-10T16:00,11.4,92
2025-03-10T17:00,11.2,92
2025-03-10T18:00,11.1,94
2025-03-10T19:00,11.0,93
2025-03-10T20:00,10.9,89
2025-03-10T21:00,10.4,92
2025-03-10T22:00,10.2,94
2025-03-10T23:00,10.2,93
2025-03-11T00:00,10.4,93
2025-03-11T01:00,9.7,88
2025-03-11T02:00,9.7,87
2025-03-11T03:00,9.6,88
2025-03-11T04:00,9.5,92
2025-03-11T05:00,9.6,92
2025-03-11T06:00,9.6,91
2025-03-11T07:00,10.0,93
2025-03-11T08:00,11.4,89
2025-03-11T09:00,12.4,78
2025-03-11T10:00,13.2,74
2025-03-11T11:00,13.5,73
2025-03-11T12:00,13.0,80
2025-03-11T13:00,13.6,78
2025-03-11T14:00,13.5,80
2025-03-11T15:00,13.0,83
2025-03-11T16:00,12.8,83
2025-03-11T17:00,12.1,87
2025-03-11T18:00,11.7,90
2025-03-11T19:00,11.4,91
2025-03-11T20:00,11.3,95
2025-03-11T21:00,11.4,95
2025-03-11T22:00,11.4,94
2025-03-11T23:00,11.3,93
2025-03-12T00:00,11.0,92
2025-03-12T01:00,9.0,89
2025-03-12T02:00,8.9,90
2025-03-12T03:00,8.5,91
2025-03-12T04:00,7.7,91
2025-03-12T05:00,7.2,91
2025-03-12T06:00,7.1,90
2025-03-12T07:00,8.6,89
2025-03-12T08:00,11.8,83
2025-03-12T09:00,12.2,73
2025-03-12T10:00,13.0,72
2025-03-12T11:00,13.7,71
2025-03-12T12:00,13.7,73
2025-03-12T13:00,13.1,83
2025-03-12T14:00,12.6,85
2025-03-12T15:00,12.7,85
2025-03-12T16:00,11.8,91
2025-03-12T17:00,11.3,92
2025-03-12T18:00,10.6,94
2025-03-12T19:00,9.9,90
2025-03-12T20:00,10.2,89
2025-03-12T21:00,8.6,90
2025-03-12T22:00,7.8,88
2025-03-12T23:00,7.2,90
2025-03-13T00:00,6.2,93
2025-03-13T01:00,7.4,90
2025-03-13T02:00,7.0,88
2025-03-13T03:00,6.7,87
2025-03-13T04:00,6.4,86
2025-03-13T05:00,6.0,85
2025-03-13T06:00,5.7,85
2025-03-13T07:00,7.5,84
2025-03-13T08:00,10.8,77
2025-03-13T09:00,12.6,73
2025-03-13T10:00,13.3,70
2025-03-13T11:00,14.2,57
2025-03-13T12:00,14.8,51
2025-03-13T13:00,14.7,52
2025-03-13T14:00,13.9,58
2025-03-13T15:00,12.1,70
2025-03-13T16:00,11.8,74
2025-03-13T17:00,10.8,85
2025-03-13T18:00,10.5,89
2025-03-13T19:00,9.6,89
2025-03-13T20:00,9.1,89
2025-03-13T21:00,8.8,88
2025-03-13T22:00,8.8,86
2025-03-13T23:00,8.4,85
2025-03-14T00:00,8.0,84
2025-03-14T01:00,9.2,89
2025-03-14T02:00,9.1,92
2025-03-14T03:00,8.9,91
2025-03-14T04:00,8.5,90
2025-03-14T05:00,8.6,84
2025-03-14T06:00,8.4,83
2025-03-14T07:00,8.9,83
2025-03-14T08:00,10.4,85
2025-03-14T09:00,12.5,69
2025-03-14T10:00,12.8,67
2025-03-14T11:00,11.4,78
2025-03-14T12:00,11.1,82
2025-03-14T13:00,13.3,71
2025-03-14T14:00,12.7,81
2025-03-14T15:00,12.4,79
2025-03-14T16:00,11.9,83
2025-03-14T17:00,11.8,84
2025-03-14T18:00,11.1,94
2025-03-14T19:00,11.0,95
2025-03-14T20:00,11.0,95
2025-03-14T21:00,11.0,95
2025-03-14T22:00,10.8,95
2025-03-14T23:00,10.7,94
2025-03-15T00:00,10.7,94
2025-03-15T01:00,10.6,93
2025-03-15T02:00,10.4,93
2025-03-15T03:00,10.2,94
2025-03-15T04:00,10.3,90
2025-03-15T05:00,10.0,89
2025-03-15T06:00,9.7,88
2025-03-15T07:00,10.4,92
2025-03-15T08:00,11.1,90
2025-03-15T09:00,11.9,86
2025-03-15T10:00,12.1,88
2025-03-15T11:00,12.3,86
2025-03-15T12:00,11.7,85
2025-03-15T13:00,12.1,89
2025-03-15T14:00,11.3,94
2025-03-15T15:00,11.2,93
2025-03-15T16:00,12.0,89
2025-03-15T17:00,11.5,94
2025-03-15T18:00,9.4,92
2025-03-15T19:00,9.1,89
2025-03-15T20:00,8.6,89
2025-03-15T21:00,7.3,91
2025-03-15T22:00,6.3,90
2025-03-15T23:00,5.4,89
2025-03-16T00:00,4.8,88
2025-03-16T01:00,5.0,83
2025-03-16T02:00,4.9,80
2025-03-16T03:00,4.6,78
2025-03-16T04:00,4.1,78
2025-03-16T05:00,3.6,79
2025-03-16T06:00,3.2,80
2025-03-16T07:00,4.8,78
2025-03-16T08:00,7.9,64
2025-03-16T09:00,9.8,57
2025-03-16T10:00,11.7,56
2025-03-16T11:00,13.5,41
2025-03-16T12:00,14.4,36
2025-03-16T13:00,14.2,35
2025-03-16T14:00,14.1,36
2025-03-16T15:00,13.8,37
2025-03-16T16:00,13.2,42
2025-03-16T17:00,11.7,49
2025-03-16T18:00,10.4,55
2025-03-16T19:00,8.6,65
2025-03-16T20:00,7.2,68
2025-03-16T21:00,6.5,65
2025-03-16T22:00,5.8,65
2025-03-16T23:00,5.3,66
2025-03-17T00:00,4.8,66
2025-03-17T01:00,5.3,66
2025-03-17T02:00,4.8,67
2025-03-17T03:00,4.8,65
2025-03-17T04:00,4.6,64
2025-03-17T05:00,4.2,64
2025-03-17T06:00,4.1,64
2025-03-17T07:00,6.4,63
2025-03-17T08:00,10.6,58
2025-03-17T09:00,12.3,54
2025-03-17T10:00,12.8,64
2025-03-17T11:00,13.3,70
2025-03-17T12:00,13.4,69
2025-03-17T13:00,13.4,71
2025-03-17T14:00,13.0,71
2025-03-17T15:00,12.7,69
2025-03-17T16:00,12.3,66
2025-03-17T17:00,11.7,78
2025-03-17T18:00,10.6,78
2025-03-17T19:00,10.0,79
2025-03-17T20:00,9.0,82
2025-03-17T21:00,8.3,80
2025-03-17T22:00,7.2,84
2025-03-17T23:00,6.8,83
2025-03-18T00:00,7.0,80
2025-03-18T01:00,7.0,77
2025-03-18T02:00,7.0,75
2025-03-18T03:00,7.1,71
2025-03-18T04:00,6.4,72
2025-03-18T05:00,6.6,71
2025-03-18T06:00,7.7,74
2025-03-18T07:00,9.8,74
2025-03-18T08:00,11.2,73
2025-03-18T09:00,11.4,71
2025-03-18T10:00,11.3,69
2025-03-18T11:00,11.4,60
2025-03-18T12:00,11.3,62
2025-03-18T13:00,11.4,71
2025-03-18T14:00,11.5,72
2025-03-18T15:00,12.1,69
2025-03-18T16:00,12.3,58
2025-03-18T17:00,11.8,59
2025-03-18T18:00,10.9,59
2025-03-18T19:00,9.6,69
2025-03-18T20:00,8.2,80
2025-03-18T21:00,6.9,86
2025-03-18T22:00,6.0,81
2025-03-18T23:00,5.6,78
2025-03-19T00:00,5.0,79
2025-03-19T01:00,4.2,77
2025-03-19T02:00,4.1,73
2025-03-19T03:00,3.7,72
2025-03-19T04:00,3.1,73
2025-03-19T05:00,3.1,69
2025-03-19T06:00,3.3,65
2025-03-19T07:00,5.8,64
2025-03-19T08:00,9.5,56
2025-03-19T09:00,10.8,52
2025-03-19T10:00,11.5,51
2025-03-19T11:00,12.0,49
2025-03-19T12:00,12.1,50
2025-03-19T13:00,12.1,50
2025-03-19T14:00,12.0,51
2025-03-19T15:00,11.7,55
2025-03-19T16:00,11.2,58
2025-03-19T17:00,10.6,62
2025-03-19T18:00,9.8,65
2025-03-19T19:00,9.1,69
2025-03-19T20:00,8.2,75
2025-03-19T21:00,6.6,80
2025-03-19T22:00,5.6,80
2025-03-19T23:00,5.3,79
2025-03-20T00:00,5.1,78
2025-03-20T01:00,5.7,77
2025-03-20T02:00,5.5,76
2025-03-20T03:00,5.4,73
2025-03-20T04:00,4.9,73
2025-03-20T05:00,5.0,70
2025-03-20T06:00,5.4,68
2025-03-20T07:00,8.9,60
2025-03-20T08:00,12.3,57
2025-03-20T09:00,13.2,60
2025-03-20T10:00,13.7,62
2025-03-20T11:00,13.9,64
2025-03-20T12:00,14.0,66
2025-03-20T13:00,13.7,68
2025-03-20T14:00,13.5,70
2025-03-20T15:00,13.2,71
2025-03-20T16:00,12.7,73
2025-03-20T17:00,12.2,77
2025-03-20T18:00,11.7,78
2025-03-20T19:00,11.2,80
2025-03-20T20:00,10.1,85
2025-03-20T21:00,9.1,86
2025-03-20T22:00,9.0,83
2025-03-20T23:00,8.4,84
2025-03-21T00:00,7.9,84
2025-03-21T01:00,8.6,81
2025-03-21T02:00,8.5,81
2025-03-21T03:00,8.5,79
2025-03-21T04:00,9.1,78
2025-03-21T05:00,9.5,78
2025-03-21T06:00,10.1,79
2025-03-21T07:00,12.2,77
2025-03-21T08:00,14.5,72
2025-03-21T09:00,15.1,73
2025-03-21T10:00,15.6,72
2025-03-21T11:00,15.8,71
2025-03-21T12:00,15.9,71
2025-03-21T13:00,15.9,67
2025-03-21T14:00,15.8,68
2025-03-21T15:00,15.3,70
2025-03-21T16:00,14.6,73
2025-03-21T17:00,14.4,73
2025-03-21T18:00,13.4,82
2025-03-21T19:00,12.8,87
2025-03-21T20:00,12.7,87
2025-03-21T21:00,12.5,87
2025-03-21T22:00,12.5,85
2025-03-21T23:00,12.0,89
2025-03-22T00:00,12.0,89
2025-03-22T01:00,12.6,84
2025-03-22T02:00,12.2,88
2025-03-22T03:00,11.9,90
2025-03-22T04:00,11.9,91
2025-03-22T05:00,12.0,90
2025-03-22T06:00,11.7,92
2025-03-22T07:00,12.5,89
2025-03-22T08:00,13.0,80
2025-03-22T09:00,13.5,78
2025-03-22T10:00,13.9,72
2025-03-22T11:00,14.3,69
2025-03-22T12:00,14.1,69
2025-03-22T13:00,13.9,76
2025-03-22T14:00,13.8,78
2025-03-22T15:00,12.9,84
2025-03-22T16:00,12.2,89
2025-03-22T17:00,12.3,88
2025-03-22T18:00,12.4,83
2025-03-22T19:00,12.1,83
2025-03-22T20:00,11.2,90
2025-03-22T21:00,11.0,95
2025-03-22T22:00,11.1,92
2025-03-22T23:00,10.0,92
2025-03-23T00:00,9.3,90
2025-03-23T01:00,10.0,93
2025-03-23T02:00,9.9,95
2025-03-23T03:00,10.3,94
2025-03-23T04:00,10.1,93
2025-03-23T05:00,7.8,92
2025-03-23T06:00,8.1,89
2025-03-23T07:00,10.0,90
2025-03-23T08:00,11.9,78
2025-03-23T09:00,13.1,75
2025-03-23T10:00,13.8,71
2025-03-23T11:00,14.3,71
2025-03-23T12:00,14.5,71
2025-03-23T13:00,13.8,79
2025-03-23T14:00,14.0,73
2025-03-23T15:00,12.7,80
2025-03-23T16:00,12.6,82
2025-03-23T17:00,11.8,84
2025-03-23T18:00,11.4,89
2025-03-23T19:00,11.5,88
2025-03-23T20:00,11.2,93
2025-03-23T21:00,11.0,93
2025-03-23T22:00,10.9,96
2025-03-23T23:00,11.0,95
2025-03-24T00:00,11.1,87
2025-03-24T01:00,11.0,87
2025-03-24T02:00,9.6,91
2025-03-24T03:00,9.0,92
2025-03-24T04:00,8.5,89
2025-03-24T05:00,8.0,89
2025-03-24T06:00,7.8,90
2025-03-24T07:00,10.1,85
2025-03-24T08:00,11.2,76
2025-03-24T09:00,12.5,70
2025-03-24T10:00,13.1,74
2025-03-24T11:00,13.2,74
2025-03-24T12:00,13.8,71
2025-03-24T13:00,13.7,74
2025-03-24T14:00,13.9,71
2025-03-24T15:00,13.9,71
2025-03-24T16:00,13.5,75
2025-03-24T17:00,12.8,80
2025-03-24T18:00,11.6,86
2025-03-24T19:00,11.1,86
2025-03-24T20:00,10.2,87
2025-03-24T21:00,9.8,84
2025-03-24T22:00,8.8,85
2025-03-24T23:00,7.9,86
2025-03-25T00:00,7.6,84
2025-03-25T01:00,8.4,83
2025-03-25T02:00,8.3,81
2025-03-25T03:00,8.4,77
2025-03-25T04:00,8.5,74
2025-03-25T05:00,8.6,72
2025-03-25T06:00,8.8,71
2025-03-25T07:00,10.5,69
2025-03-25T08:00,13.2,64
2025-03-25T09:00,15.0,58
2025-03-25T10:00,15.6,60
2025-03-25T11:00,15.8,63
2025-03-25T12:00,15.4,65
2025-03-25T13:00,16.2,56
2025-03-25T14:00,15.8,57
2025-03-25T15:00,15.1,61
2025-03-25T16:00,15.0,58
2025-03-25T17:00,14.0,69
2025-03-25T18:00,12.4,78
2025-03-25T19:00,11.6,78
2025-03-25T20:00,10.9,78
2025-03-25T21:00,9.3,83
2025-03-25T22:00,8.5,84
2025-03-25T23:00,8.3,82
2025-03-26T00:00,8.2,79
2025-03-26T01:00,9.6,84
2025-03-26T02:00,9.3,83
2025-03-26T03:00,9.3,80
2025-03-26T04:00,9.1,78
2025-03-26T05:00,8.9,74
2025-03-26T06:00,9.1,72
2025-03-26T07:00,11.0,71
2025-03-26T08:00,13.8,64
2025-03-26T09:00,15.4,56
2025-03-26T10:00,15.4,66
2025-03-26T11:00,15.7,75
2025-03-26T12:00,16.3,78
2025-03-26T13:00,17.0,59
2025-03-26T14:00,17.9,47
2025-03-26T15:00,17.0,53
2025-03-26T16:00,16.8,58
2025-03-26T17:00,15.9,72
2025-03-26T18:00,14.0,76
2025-03-26T19:00,13.1,76
2025-03-26T20:00,11.2,80
2025-03-26T21:00,9.5,84
2025-03-26T22:00,8.9,81
2025-03-26T23:00,9.3,72
2025-03-27T00:00,9.4,67
2025-03-27T01:00,9.9,69
2025-03-27T02:00,9.8,67
2025-03-27T03:00,9.6,66
2025-03-27T04:00,9.1,65
2025-03-27T05:00,8.8,64
2025-03-27T06:00,8.9,63
2025-03-27T07:00,11.7,61
2025-03-27T08:00,15.5,63
2025-03-27T09:00,17.8,47
2025-03-27T10:00,18.2,49
2025-03-27T11:00,18.2,49
2025-03-27T12:00,18.7,45
2025-03-27T13:00,19.4,38
2025-03-27T14:00,19.1,48
2025-03-27T15:00,18.5,52
2025-03-27T16:00,17.3,64
2025-03-27T17:00,16.4,71
2025-03-27T18:00,15.2,68
2025-03-27T19:00,14.6,69
2025-03-27T20:00,12.8,75
2025-03-27T21:00,11.3,78
2025-03-27T22:00,11.0,76
2025-03-27T23:00,10.4,73
2025-03-28T00:00,10.0,73
2025-03-28T01:00,10.6,72
2025-03-28T02:00,10.6,68
2025-03-28T03:00,10.6,66
2025-03-28T04:00,10.2,68
2025-03-28T05:00,10.1,68
2025-03-28T06:00,10.1,67
2025-03-28T07:00,12.2,68
2025-03-28T08:00,15.5,66
2025-03-28T09:00,17.1,51
2025-03-28T10:00,17.2,52
2025-03-28T11:00,17.0,55
2025-03-28T12:00,16.6,58
2025-03-28T13:00,17.1,57
2025-03-28T14:00,16.8,61
2025-03-28T15:00,16.2,69
2025-03-28T16:00,15.8,70
2025-03-28T17:00,15.0,75
2025-03-28T18:00,13.9,78
2025-03-28T19:00,12.8,82
2025-03-28T20:00,11.4,87
2025-03-28T21:00,11.0,86
2025-03-28T22:00,10.8,83
2025-03-28T23:00,10.4,81
2025-03-29T00:00,10.1,78
2025-03-29T01:00,10.5,80
2025-03-29T02:00,10.4,77
2025-03-29T03:00,10.2,73
2025-03-29T04:00,9.9,70
2025-03-29T05:00,9.7,69
2025-03-29T06:00,10.2,70
2025-03-29T07:00,12.1,71
2025-03-29T08:00,15.1,68
2025-03-29T09:00,16.5,53
2025-03-29T10:00,15.3,67
2025-03-29T11:00,14.2,79
2025-03-29T12:00,14.0,78
2025-03-29T13:00,15.2,68
2025-03-29T14:00,15.1,72
2025-03-29T15:00,15.2,76
2025-03-29T16:00,15.9,75
2025-03-29T17:00,15.4,82
2025-03-29T18:00,14.4,87
2025-03-29T19:00,13.8,83
2025-03-29T20:00,13.1,78
2025-03-29T21:00,12.5,75
2025-03-29T22:00,12.3,71
2025-03-29T23:00,11.5,70
2025-03-30T00:00,10.6,72
2025-03-30T01:00,13.7,66
2025-03-30T02:00,13.0,66
2025-03-30T03:00,12.7,61
2025-03-30T04:00,11.9,62
2025-03-30T05:00,10.6,64
2025-03-30T06:00,10.7,63
2025-03-30T07:00,13.0,64
2025-03-30T08:00,16.2,59
2025-03-30T09:00,17.8,48
2025-03-30T10:00,18.3,51
2025-03-30T11:00,18.8,50
2025-03-30T12:00,19.0,53
2025-03-30T13:00,20.0,46
2025-03-30T14:00,19.3,55
2025-03-30T15:00,19.0,52
2025-03-30T16:00,18.2,54
2025-03-30T17:00,17.1,61
2025-03-30T18:00,14.9,68
2025-03-30T19:00,13.9,70
2025-03-30T20:00,12.3,78
2025-03-30T21:00,10.9,85
2025-03-30T22:00,10.3,85
2025-03-30T23:00,10.0,82
2025-03-31T00:00,10.1,76
2025-03-31T01:00,10.7,73
2025-03-31T02:00,10.5,69
2025-03-31T03:00,10.4,66
2025-03-31T04:00,10.5,62
2025-03-31T05:00,10.8,60
2025-03-31T06:00,11.2,65
2025-03-31T07:00,13.8,68
2025-03-31T08:00,17.4,64
2025-03-31T09:00,19.1,46
2025-03-31T10:00,19.4,42
2025-03-31T11:00,19.3,39
2025-03-31T12:00,19.3,38
2025-03-31T13:00,19.3,47
2025-03-31T14:00,18.9,49
2025-03-31T15:00,19.0,44
2025-03-31T16:00,18.8,39
2025-03-31T17:00,17.7,60
2025-03-31T18:00,15.2,63
2025-03-31T19:00,13.9,65
2025-03-31T20:00,12.3,65
2025-03-31T21:00,12.1,55
2025-03-31T22:00,11.9,57
2025-03-31T23:00,11.3,61
