timestamp,apartment_id,room,window_open,presence,temperature,humidity,co2,pm25,co,tvoc,temp_ext,humidity_ext
2025-12-24T00:00:00,APT_102,chambre,False,True,18.8,50.5,,15.24,0.79,259.06,6.0,63.4
2025-12-24T00:00:00,APT_102,cuisine,False,True,18.8,50.6,,16.69,0.8,253.73,6.0,63.4
2025-12-24T00:00:00,APT_102,salon,False,True,18.8,49.3,557.0,15.97,0.8,259.34,6.0,63.4
2025-12-24T00:00:00,APT_102,sdb,False,True,18.8,50.2,,16.19,0.81,256.49,6.0,63.4
2025-12-24T00:10:00,APT_102,chambre,False,True,18.6,49.6,,15.51,0.78,266.78,6.3,66.1
2025-12-24T00:10:00,APT_102,cuisine,False,True,18.6,50.3,,17.03,0.78,256.44,6.3,66.1
2025-12-24T00:10:00,APT_102,salon,False,True,18.6,50.3,563.0,16.1,0.78,268.14,6.3,66.1
2025-12-24T00:10:00,APT_102,sdb,False,True,18.7,50.3,,17.16,0.81,259.2,6.3,66.1
2025-12-24T00:20:00,APT_102,chambre,False,True,18.4,48.7,,16.41,0.76,275.77,6.0,63.6
2025-12-24T00:20:00,APT_102,cuisine,False,True,18.6,51.0,,18.19,0.78,257.41,6.0,63.6
2025-12-24T00:20:00,APT_102,salon,False,True,18.6,50.3,570.0,16.68,0.79,275.44,6.0,63.6
2025-12-24T00:20:00,APT_102,sdb,False,True,18.6,50.2,,18.43,0.81,264.52,6.0,63.6
2025-12-24T00:30:00,APT_102,chambre,False,True,18.2,48.2,,17.44,0.77,281.61,6.3,64.8
2025-12-24T00:30:00,APT_102,cuisine,False,True,18.5,51.8,,19.48,0.78,260.22,6.3,64.8
2025-12-24T00:30:00,APT_102,salon,False,True,18.6,50.1,578.0,17.18,0.78,277.36,6.3,64.8
2025-12-24T00:30:00,APT_102,sdb,False,True,18.5,50.2,,18.48,0.8,271.89,6.3,64.8
2025-12-24T00:40:00,APT_102,chambre,False,True,18.1,48.6,,17.88,0.78,288.45,6.2,63.7
2025-12-24T00:40:00,APT_102,cuisine,False,True,18.3,52.3,,20.23,0.79,264.46,6.2,63.7
2025-12-24T00:40:00,APT_102,salon,False,True,18.6,50.8,585.0,17.97,0.76,283.13,6.2,63.7
2025-12-24T00:40:00,APT_102,sdb,False,True,18.4,49.3,,19.61,0.78,276.46,6.2,63.7
2025-12-24T00:50:00,APT_102,chambre,False,True,18.1,48.5,,18.11,0.76,290.81,6.3,64.7
2025-12-24T00:50:00,APT_102,cuisine,False,True,18.2,52.6,,20.44,0.79,274.77,6.3,64.7
2025-12-24T00:50:00,APT_102,salon,False,True,18.5,50.5,591.0,18.29,0.77,292.57,6.3,64.7
2025-12-24T00:50:00,APT_102,sdb,False,True,18.3,48.4,,20.4,0.79,276.76,6.3,64.7
2025-12-24T01:00:00,APT_102,chambre,False,True,18.1,48.4,,19.52,0.76,292.47,6.3,65.6
2025-12-24T01:00:00,APT_102,cuisine,False,True,18.1,52.5,,21.16,0.8,282.74,6.3,65.6
2025-12-24T01:00:00,APT_102,salon,False,True,18.3,50.5,595.0,19.51,0.78,293.77,6.3,65.6
2025-12-24T01:00:00,APT_102,sdb,False,True,18.3,48.1,,21.68,0.79,281.79,6.3,65.6
2025-12-24T01:10:00,APT_102,chambre,False,True,18.0,47.7,,19.71,0.75,294.71,6.2,63.1
2025-12-24T01:10:00,APT_102,cuisine,False,True,18.0,53.1,,22.5,0.79,290.91,6.2,63.1
2025-12-24T01:10:00,APT_102,salon,False,True,18.3,50.4,601.0,20.18,0.78,293.73,6.2,63.1
2025-12-24T01:10:00,APT_102,sdb,False,True,18.3,49.1,,21.96,0.77,288.62,6.2,63.1
2025-12-24T01:20:00,APT_102,chambre,False,True,18.1,47.1,,19.62,0.76,304.99,6.1,66.0
2025-12-24T01:20:00,APT_102,cuisine,False,True,18.0,52.0,,22.92,0.78,294.54,6.1,66.0
2025-12-24T01:20:00,APT_102,salon,False,True,18.3,50.2,608.0,20.88,0.77,299.01,6.1,66.0
2025-12-24T01:20:00,APT_102,sdb,False,True,18.2,48.9,,22.81,0.78,295.18,6.1,66.0
2025-12-24T01:30:00,APT_102,chambre,False,True,18.0,46.3,,20.96,0.76,308.91,6.1,64.7
2025-12-24T01:30:00,APT_102,cuisine,False,True,17.9,52.5,,22.97,0.79,299.95,6.1,64.7
2025-12-24T01:30:00,APT_102,salon,False,True,18.3,50.6,614.0,20.88,0.77,303.8,6.1,64.7
2025-12-24T01:30:00,APT_102,sdb,False,True,18.1,48.4,,23.37,0.76,297.92,6.1,64.7
2025-12-24T01:40:00,APT_102,chambre,False,True,18.0,45.8,,21.76,0.75,311.96,6.2,64.2
2025-12-24T01:40:00,APT_102,cuisine,False,True,17.8,51.5,,22.74,0.77,305.26,6.2,64.2
2025-12-24T01:40:00,APT_102,salon,False,True,18.1,50.2,616.0,20.83,0.77,305.34,6.2,64.2
2025-12-24T01:40:00,APT_102,sdb,False,True,18.0,49.4,,24.68,0.75,299.04,6.2,64.2
2025-12-24T01:50:00,APT_102,chambre,False,True,18.0,45.9,,22.06,0.75,318.65,6.2,63.8
2025-12-24T01:50:00,APT_102,cuisine,False,True,17.8,52.4,,23.65,0.76,311.13,6.2,63.8
2025-12-24T01:50:00,APT_102,salon,False,True,18.1,49.8,619.0,21.17,0.76,306.61,6.2,63.8
2025-12-24T01:50:00,APT_102,sdb,False,True,17.9,48.5,,24.97,0.76,306.95,6.2,63.8
2025-12-24T02:00:00,APT_102,chambre,False,True,18.0,45.5,,22.74,0.75,321.28,6.4,64.1
2025-12-24T02:00:00,APT_102,cuisine,False,True,17.8,52.6,,24.1,0.75,316.83,6.4,64.1
2025-12-24T02:00:00,APT_102,salon,False,True,18.1,50.7,622.0,21.94,0.77,313.62,6.4,64.1
2025-12-24T02:00:00,APT_102,sdb,False,True,17.8,48.9,,24.94,0.75,309.08,6.4,64.1
2025-12-24T02:10:00,APT_102,chambre,False,True,18.1,44.7,,23.46,0.75,325.63,6.5,62.6
2025-12-24T02:10:00,APT_102,cuisine,False,True,17.8,51.8,,24.6,0.75,318.82,6.5,62.6
2025-12-24T02:10:00,APT_102,salon,False,True,18.0,51.1,626.0,22.49,0.75,322.26,6.5,62.6
2025-12-24T02:10:00,APT_102,sdb,False,True,17.7,48.6,,24.93,0.74,310.22,6.5,62.6
2025-12-24T02:20:00,APT_102,chambre,False,True,18.0,44.2,,24.1,0.75,328.86,6.1,66.4
2025-12-24T02:20:00,APT_102,cuisine,False,True,17.7,50.9,,25.24,0.73,318.9,6.1,66.4
2025-12-24T02:20:00,APT_102,salon,False,True,18.0,50.3,629.0,23.57,0.75,330.23,6.1,66.4
2025-12-24T02:20:00,APT_102,sdb,False,True,17.8,48.8,,25.51,0.72,317.99,6.1,66.4
2025-12-24T02:30:00,APT_102,chambre,False,True,17.9,44.2,,25.03,0.75,333.72,6.0,64.9
2025-12-24T02:30:00,APT_102,cuisine,False,True,17.7,51.5,,25.14,0.74,319.32,6.0,64.9
2025-12-24T02:30:00,APT_102,salon,False,True,18.0,51.2,635.0,24.04,0.73,334.0,6.0,64.9
2025-12-24T02:30:00,APT_102,sdb,False,True,17.8,48.5,,26.33,0.72,322.15,6.0,64.9
2025-12-24T02:40:00,APT_102,chambre,False,True,17.8,43.6,,24.84,0.73,339.9,6.4,63.3
2025-12-24T02:40:00,APT_102,cuisine,False,True,17.7,51.3,,25.26,0.72,328.66,6.4,63.3
2025-12-24T02:40:00,APT_102,salon,False,True,18.0,50.7,639.0,24.53,0.72,336.66,6.4,63.3
2025-12-24T02:40:00,APT_102,sdb,False,True,17.8,47.9,,26.98,0.71,329.38,6.4,63.3
2025-12-24T02:50:00,APT_102,chambre,False,True,17.8,44.6,,25.88,0.73,340.56,6.5,64.2
2025-12-24T02:50:00,APT_102,cuisine,False,True,17.7,51.0,,26.06,0.72,331.29,6.5,64.2
2025-12-24T02:50:00,APT_102,salon,False,True,17.9,51.6,641.0,25.26,0.71,343.58,6.5,64.2
2025-12-24T02:50:00,APT_102,sdb,False,True,17.7,47.2,,27.7,0.69,335.81,6.5,64.2
2025-12-24T03:00:00,APT_102,chambre,False,True,17.7,44.1,,26.32,0.73,348.91,6.7,63.7
2025-12-24T03:00:00,APT_102,cuisine,False,True,17.7,50.1,,26.23,0.72,335.86,6.7,63.7
2025-12-24T03:00:00,APT_102,salon,False,True,17.9,51.4,646.0,25.64,0.72,348.44,6.7,63.7
2025-12-24T03:00:00,APT_102,sdb,False,True,17.7,47.4,,28.61,0.69,341.1,6.7,63.7
2025-12-24T03:10:00,APT_102,chambre,False,True,17.8,44.7,,26.68,0.73,353.58,6.5,66.0
2025-12-24T03:10:00,APT_102,cuisine,False,True,17.7,50.8,,26.25,0.71,345.23,6.5,66.0
2025-12-24T03:10:00,APT_102,salon,False,True,17.8,51.5,650.0,26.18,0.72,352.15,6.5,66.0
2025-12-24T03:10:00,APT_102,sdb,False,True,17.7,47.4,,29.36,0.68,344.02,6.5,66.0
2025-12-24T03:20:00,APT_102,chambre,False,True,17.8,43.9,,27.14,0.74,358.07,6.3,65.8
2025-12-24T03:20:00,APT_102,cuisine,False,True,17.6,50.4,,26.34,0.71,345.56,6.3,65.8
2025-12-24T03:20:00,APT_102,salon,False,True,17.9,52.0,654.0,26.44,0.72,360.55,6.3,65.8
2025-12-24T03:20:00,APT_102,sdb,False,True,17.6,47.2,,29.62,0.67,347.02,6.3,65.8
2025-12-24T03:30:00,APT_102,chambre,False,True,17.8,44.2,,27.86,0.73,362.82,6.7,62.2
2025-12-24T03:30:00,APT_102,cuisine,False,True,17.5,49.5,,26.79,0.7,350.1,6.7,62.2
2025-12-24T03:30:00,APT_102,salon,False,True,17.9,51.0,657.0,26.73,0.72,367.97,6.7,62.2
2025-12-24T03:30:00,APT_102,sdb,False,True,17.6,48.0,,29.48,0.67,351.05,6.7,62.2
2025-12-24T03:40:00,APT_102,chambre,False,True,17.7,44.9,,27.98,0.72,371.96,6.4,63.9
2025-12-24T03:40:00,APT_102,cuisine,False,True,17.6,49.9,,26.58,0.71,355.94,6.4,63.9
2025-12-24T03:40:00,APT_102,salon,False,True,18.0,50.5,661.0,27.65,0.7,374.86,6.4,63.9
2025-12-24T03:40:00,APT_102,sdb,False,True,17.7,47.4,,29.47,0.66,358.95,6.4,63.9
2025-12-24T03:50:00,APT_102,chambre,False,True,17.8,44.7,,28.43,0.7,377.88,6.6,64.4
2025-12-24T03:50:00,APT_102,cuisine,False,True,17.6,50.5,,27.45,0.69,360.64,6.6,64.4
2025-12-24T03:50:00,APT_102,salon,False,True,18.0,51.4,664.0,27.39,0.71,378.26,6.6,64.4
2025-12-24T03:50:00,APT_102,sdb,False,True,17.7,48.5,,30.4,0.66,364.2,6.6,64.4
2025-12-24T04:00:00,APT_102,chambre,False,True,17.8,44.8,,29.29,0.69,384.92,6.8,63.7
2025-12-24T04:00:00,APT_102,cuisine,False,True,17.7,50.6,,28.32,0.68,368.27,6.8,63.7
2025-12-24T04:00:00,APT_102,salon,False,True,18.0,51.5,666.0,27.22,0.71,383.42,6.8,63.7
2025-12-24T04:00:00,APT_102,sdb,False,True,17.7,47.9,,29.93,0.67,367.56,6.8,63.7
2025-12-24T04:10:00,APT_102,chambre,False,True,17.7,44.9,,29.66,0.68,386.05,6.9,63.6
2025-12-24T04:10:00,APT_102,cuisine,False,True,17.8,49.6,,28.59,0.69,374.87,6.9,63.6
2025-12-24T04:10:00,APT_102,salon,False,True,18.0,50.9,669.0,27.3,0.72,383.55,6.9,63.6
2025-12-24T04:10:00,APT_102,sdb,False,True,17.8,48.0,,30.27,0.67,372.59,6.9,63.6
2025-12-24T04:20:00,APT_102,chambre,False,True,17.7,45.2,,30.02,0.69,385.4,6.8,63.6
2025-12-24T04:20:00,APT_102,cuisine,False,True,17.9,49.9,,28.92,0.69,381.69,6.8,63.6
2025-12-24T04:20:00,APT_102,salon,False,True,18.0,51.3,671.0,27.0,0.71,383.54,6.8,63.6
2025-12-24T04:20:00,APT_102,sdb,False,True,17.9,47.2,,30.39,0.69,378.74,6.8,63.6
2025-12-24T04:30:00,APT_102,chambre,False,True,17.8,44.4,,30.54,0.68,386.02,6.8,63.1
2025-12-24T04:30:00,APT_102,cuisine,False,True,17.9,49.8,,28.74,0.7,379.74,6.8,63.1
2025-12-24T04:30:00,APT_102,salon,False,True,18.0,51.0,675.0,27.52,0.71,384.11,6.8,63.1
2025-12-24T04:30:00,APT_102,sdb,False,True,17.8,47.2,,29.97,0.69,379.89,6.8,63.1
2025-12-24T04:40:00,APT_102,chambre,False,True,17.8,44.9,,30.54,0.67,390.01,6.8,62.1
2025-12-24T04:40:00,APT_102,cuisine,False,True,17.9,50.3,,29.19,0.68,386.97,6.8,62.1
2025-12-24T04:40:00,APT_102,salon,False,True,18.0,50.2,680.0,28.07,0.7,387.04,6.8,62.1
2025-12-24T04:40:00,APT_102,sdb,False,True,17.7,48.1,,30.76,0.68,382.18,6.8,62.1
2025-12-24T04:50:00,APT_102,chambre,False,True,17.7,45.8,,30.52,0.66,397.98,6.9,61.9
2025-12-24T04:50:00,APT_102,cuisine,False,True,17.9,50.1,,29.38,0.67,394.28,6.9,61.9
2025-12-24T04:50:00,APT_102,salon,False,True,18.0,49.8,685.0,29.0,0.71,394.08,6.9,61.9
2025-12-24T04:50:00,APT_102,sdb,False,True,17.7,48.5,,30.44,0.67,389.07,6.9,61.9
2025-12-24T05:00:00,APT_102,chambre,False,True,17.7,46.8,,31.13,0.67,396.74,6.9,64.7
2025-12-24T05:00:00,APT_102,cuisine,False,True,17.9,49.5,,29.24,0.65,399.67,6.9,64.7
2025-12-24T05:00:00,APT_102,salon,False,True,17.9,49.3,691.0,29.19,0.69,401.64,6.9,64.7
2025-12-24T05:00:00,APT_102,sdb,False,True,17.7,49.0,,31.15,0.68,394.39,6.9,64.7
2025-12-24T05:10:00,APT_102,chambre,False,True,17.7,47.6,,31.58,0.68,402.35,7.1,61.0
2025-12-24T05:10:00,APT_102,cuisine,False,True,17.8,50.0,,28.78,0.64,402.49,7.1,61.0
2025-12-24T05:10:00,APT_102,salon,False,True,18.0,49.8,694.0,29.25,0.67,408.81,7.1,61.0
2025-12-24T05:10:00,APT_102,sdb,False,True,17.6,49.4,,30.68,0.69,399.27,7.1,61.0
2025-12-24T05:20:00,APT_102,chambre,False,True,17.7,48.1,,31.03,0.68,410.15,6.7,63.9
2025-12-24T05:20:00,APT_102,cuisine,False,True,17.7,50.2,,29.67,0.64,408.87,6.7,63.9
2025-12-24T05:20:00,APT_102,salon,False,True,18.0,49.7,699.0,29.52,0.68,415.25,6.7,63.9
2025-12-24T05:20:00,APT_102,sdb,False,True,17.7,49.6,,31.34,0.69,405.3,6.7,63.9
2025-12-24T05:30:00,APT_102,chambre,False,True,17.7,47.2,,31.46,0.68,414.33,7.0,61.2
2025-12-24T05:30:00,APT_102,cuisine,False,True,17.7,49.6,,29.44,0.65,410.54,7.0,61.2
2025-12-24T05:30:00,APT_102,salon,False,True,18.1,48.8,704.0,29.28,0.68,415.53,7.0,61.2
2025-12-24T05:30:00,APT_102,sdb,False,True,17.8,48.8,,31.09,0.69,405.81,7.0,61.2
2025-12-24T05:40:00,APT_102,chambre,False,True,17.8,46.4,,32.07,0.66,420.64,6.8,64.9
2025-12-24T05:40:00,APT_102,cuisine,False,True,17.7,50.3,,29.49,0.65,415.37,6.8,64.9
2025-12-24T05:40:00,APT_102,salon,False,True,18.2,48.4,707.0,29.73,0.7,422.55,6.8,64.9
2025-12-24T05:40:00,APT_102,sdb,False,True,17.7,48.1,,31.01,0.68,411.4,6.8,64.9
2025-12-24T05:50:00,APT_102,chambre,False,True,17.8,46.3,,31.92,0.65,424.75,7.1,64.2
2025-12-24T05:50:00,APT_102,cuisine,False,True,17.8,50.8,,29.99,0.65,420.43,7.1,64.2
2025-12-24T05:50:00,APT_102,salon,False,True,18.2,48.8,708.0,30.05,0.71,428.9,7.1,64.2
2025-12-24T05:50:00,APT_102,sdb,False,True,17.7,48.3,,31.29,0.66,413.32,7.1,64.2
2025-12-24T06:00:00,APT_102,chambre,False,True,17.8,46.8,,32.85,0.64,427.84,6.7,65.5
2025-12-24T06:00:00,APT_102,cuisine,False,True,17.8,50.9,,30.27,0.66,420.04,6.7,65.5
2025-12-24T06:00:00,APT_102,salon,False,True,18.1,48.8,714.0,30.13,0.7,429.32,6.7,65.5
2025-12-24T06:00:00,APT_102,sdb,False,True,17.6,49.3,,31.58,0.66,413.64,6.7,65.5
2025-12-24T06:10:00,APT_102,chambre,False,True,17.9,47.1,,32.6,0.62,433.57,6.8,63.3
2025-12-24T06:10:00,APT_102,cuisine,False,True,17.8,50.7,,30.78,0.64,426.12,6.8,63.3
2025-12-24T06:10:00,APT_102,salon,False,True,18.0,48.7,717.0,29.91,0.71,429.0,6.8,63.3
2025-12-24T06:10:00,APT_102,sdb,False,True,17.7,49.0,,32.49,0.68,420.12,6.8,63.3
2025-12-24T06:20:00,APT_102,chambre,False,True,17.9,47.7,,32.73,0.62,438.91,6.9,65.2
2025-12-24T06:20:00,APT_102,cuisine,False,True,17.8,49.7,,30.86,0.65,423.91,6.9,65.2
2025-12-24T06:20:00,APT_102,salon,False,True,18.0,49.0,719.0,30.97,0.71,426.77,6.9,65.2
2025-12-24T06:20:00,APT_102,sdb,False,True,17.8,49.5,,33.15,0.67,421.96,6.9,65.2
2025-12-24T06:30:00,APT_102,chambre,False,True,17.9,47.2,,32.57,0.64,438.01,6.8,61.5
2025-12-24T06:30:00,APT_102,cuisine,False,True,17.9,50.1,,31.84,0.64,426.36,6.8,61.5
2025-12-24T06:30:00,APT_102,salon,False,True,18.0,49.5,723.0,31.64,0.69,426.75,6.8,61.5
2025-12-24T06:30:00,APT_102,sdb,False,True,17.8,49.3,,33.23,0.68,428.82,6.8,61.5
2025-12-24T06:40:00,APT_102,chambre,False,True,17.8,47.2,,32.97,0.63,443.16,6.9,64.1
2025-12-24T06:40:00,APT_102,cuisine,False,True,17.8,49.9,,32.37,0.64,423.72,6.9,64.1
2025-12-24T06:40:00,APT_102,salon,False,True,18.0,48.7,727.0,31.65,0.68,433.83,6.9,64.1
2025-12-24T06:40:00,APT_102,sdb,False,True,17.8,49.4,,33.49,0.66,427.77,6.9,64.1
2025-12-24T06:50:00,APT_102,chambre,False,True,17.9,46.7,,33.43,0.63,448.77,7.1,64.6
2025-12-24T06:50:00,APT_102,cuisine,False,True,17.8,49.9,,32.19,0.64,424.48,7.1,64.6
2025-12-24T06:50:00,APT_102,salon,False,True,18.1,49.2,729.0,31.89,0.69,432.26,7.1,64.6
2025-12-24T06:50:00,APT_102,sdb,False,True,17.8,48.5,,33.55,0.66,432.0,7.1,64.6
2025-12-24T07:00:00,APT_102,chambre,False,False,17.6,47.2,,32.56,0.65,448.57,7.0,63.7
2025-12-24T07:00:00,APT_102,cuisine,False,False,17.6,50.1,,31.55,0.65,426.73,7.0,63.7
2025-12-24T07:00:00,APT_102,salon,False,False,17.9,49.3,723.0,31.17,0.69,434.17,7.0,63.7
2025-12-24T07:00:00,APT_102,sdb,False,False,17.6,49.2,,32.73,0.65,431.02,7.0,63.7
2025-12-24T07:10:00,APT_102,chambre,False,False,17.3,47.1,,31.78,0.65,452.93,6.9,64.9
2025-12-24T07:10:00,APT_102,cuisine,False,False,17.5,49.2,,30.91,0.66,431.47,6.9,64.9
2025-12-24T07:10:00,APT_102,salon,False,False,17.6,49.5,717.0,30.53,0.71,441.96,6.9,64.9
2025-12-24T07:10:00,APT_102,sdb,False,False,17.4,49.2,,31.91,0.64,433.1,6.9,64.9
2025-12-24T07:20:00,APT_102,chambre,False,False,17.1,46.5,,30.92,0.66,454.95,7.0,61.6
2025-12-24T07:20:00,APT_102,cuisine,False,False,17.2,48.5,,30.36,0.66,436.67,7.0,61.6
2025-12-24T07:20:00,APT_102,salon,False,False,17.4,49.9,711.0,29.83,0.7,445.2,7.0,61.6
2025-12-24T07:20:00,APT_102,sdb,False,False,17.2,48.9,,31.35,0.66,434.49,7.0,61.6
2025-12-24T07:30:00,APT_102,chambre,False,False,16.9,46.7,,30.13,0.67,458.62,7.0,62.2
2025-12-24T07:30:00,APT_102,cuisine,False,False,17.1,49.0,,29.66,0.64,441.34,7.0,62.2
2025-12-24T07:30:00,APT_102,salon,False,False,17.3,49.6,705.0,29.07,0.68,448.75,7.0,62.2
2025-12-24T07:30:00,APT_102,sdb,False,False,17.0,49.2,,30.74,0.68,441.25,7.0,62.2
2025-12-24T07:40:00,APT_102,chambre,False,False,16.8,47.5,,29.46,0.67,461.27,6.8,64.9
2025-12-24T07:40:00,APT_102,cuisine,False,False,16.9,48.4,,29.16,0.62,442.97,6.8,64.9
2025-12-24T07:40:00,APT_102,salon,False,False,17.1,50.2,699.0,28.54,0.69,449.36,6.8,64.9
2025-12-24T07:40:00,APT_102,sdb,False,False,16.8,48.8,,30.11,0.67,445.39,6.8,64.9
2025-12-24T07:50:00,APT_102,chambre,False,False,16.7,47.6,,28.74,0.67,460.14,6.7,65.1
2025-12-24T07:50:00,APT_102,cuisine,False,False,16.8,48.4,,28.56,0.62,443.19,6.7,65.1
2025-12-24T07:50:00,APT_102,salon,False,False,16.9,50.5,693.0,27.91,0.67,453.91,6.7,65.1
2025-12-24T07:50:00,APT_102,sdb,False,False,16.7,48.7,,29.47,0.67,451.86,6.7,65.1
2025-12-24T08:00:00,APT_102,chambre,False,False,16.6,46.7,,28.24,0.68,459.41,7.7,60.1
2025-12-24T08:00:00,APT_102,cuisine,False,False,16.7,49.1,,27.98,0.63,443.78,7.7,60.1
2025-12-24T08:00:00,APT_102,salon,False,False,16.8,51.1,688.0,27.29,0.67,456.24,7.7,60.1
2025-12-24T08:00:00,APT_102,sdb,False,False,16.6,49.3,,28.94,0.67,449.47,7.7,60.1
2025-12-24T08:10:00,APT_102,chambre,False,False,16.5,46.9,,27.84,0.68,456.92,8.0,61.0
2025-12-24T08:10:00,APT_102,cuisine,False,False,16.6,49.7,,27.4,0.64,444.18,8.0,61.0
2025-12-24T08:10:00,APT_102,salon,False,False,16.6,50.7,683.0,26.72,0.66,461.18,8.0,61.0
2025-12-24T08:10:00,APT_102,sdb,False,False,16.5,50.1,,28.36,0.69,452.15,8.0,61.0
2025-12-24T08:20:00,APT_102,chambre,False,False,16.4,47.2,,27.27,0.68,463.12,7.7,62.5
2025-12-24T08:20:00,APT_102,cuisine,False,False,16.5,50.1,,27.04,0.64,443.47,7.7,62.5
2025-12-24T08:20:00,APT_102,salon,False,False,16.4,50.1,678.0,26.1,0.66,462.2,7.7,62.5
2025-12-24T08:20:00,APT_102,sdb,False,False,16.5,49.3,,27.76,0.68,452.16,7.7,62.5
2025-12-24T08:30:00,APT_102,chambre,False,False,16.2,47.4,,26.75,0.67,462.7,7.6,61.5
2025-12-24T08:30:00,APT_102,cuisine,False,False,16.5,49.6,,26.43,0.63,446.59,7.6,61.5
2025-12-24T08:30:00,APT_102,salon,False,False,16.3,51.1,673.0,25.68,0.65,468.36,7.6,61.5
2025-12-24T08:30:00,APT_102,sdb,False,False,16.4,49.8,,27.23,0.68,453.56,7.6,61.5
2025-12-24T08:40:00,APT_102,chambre,False,False,16.1,48.0,,26.27,0.65,461.58,7.5,62.3
2025-12-24T08:40:00,APT_102,cuisine,False,False,16.5,49.3,,25.98,0.62,446.79,7.5,62.3
2025-12-24T08:40:00,APT_102,salon,False,False,16.3,51.0,668.0,25.25,0.66,466.01,7.5,62.3
2025-12-24T08:40:00,APT_102,sdb,False,False,16.2,49.2,,26.8,0.66,458.73,7.5,62.3
2025-12-24T08:50:00,APT_102,chambre,False,False,16.0,48.6,,25.94,0.66,458.41,7.9,61.5
2025-12-24T08:50:00,APT_102,cuisine,False,False,16.4,48.5,,25.59,0.63,452.82,7.9,61.5
2025-12-24T08:50:00,APT_102,salon,False,False,16.2,50.5,663.0,24.73,0.65,464.9,7.9,61.5
2025-12-24T08:50:00,APT_102,sdb,False,False,16.1,49.8,,26.39,0.67,462.74,7.9,61.5
2025-12-24T09:00:00,APT_102,chambre,False,False,15.9,48.8,,25.35,0.64,456.82,8.5,58.2
2025-12-24T09:00:00,APT_102,cuisine,False,False,16.3,48.6,,25.03,0.64,453.24,8.5,58.2
2025-12-24T09:00:00,APT_102,salon,False,False,16.2,49.9,658.0,24.18,0.66,461.65,8.5,58.2
2025-12-24T09:00:00,APT_102,sdb,False,False,16.0,50.4,,25.78,0.66,461.0,8.5,58.2
2025-12-24T09:10:00,APT_102,chambre,False,False,15.9,49.0,,24.67,0.64,460.81,8.8,59.3
2025-12-24T09:10:00,APT_102,cuisine,False,False,16.2,49.0,,24.49,0.65,452.29,8.8,59.3
2025-12-24T09:10:00,APT_102,salon,False,False,16.1,49.4,653.0,23.6,0.65,467.67,8.8,59.3
2025-12-24T09:10:00,APT_102,sdb,False,False,15.9,50.1,,25.08,0.66,466.55,8.8,59.3
2025-12-24T09:20:00,APT_102,chambre,False,False,15.9,49.2,,24.04,0.63,467.53,8.9,60.8
2025-12-24T09:20:00,APT_102,cuisine,False,False,16.2,48.0,,23.81,0.66,459.5,8.9,60.8
2025-12-24T09:20:00,APT_102,salon,False,False,16.0,50.3,648.0,22.99,0.63,469.66,8.9,60.8
2025-12-24T09:20:00,APT_102,sdb,False,False,16.0,49.9,,24.49,0.65,464.84,8.9,60.8
2025-12-24T09:30:00,APT_102,chambre,False,False,15.9,49.9,,23.55,0.62,466.33,8.5,61.1
2025-12-24T09:30:00,APT_102,cuisine,False,False,16.1,47.2,,23.34,0.65,465.2,8.5,61.1
2025-12-24T09:30:00,APT_102,salon,False,False,16.0,50.8,643.0,22.56,0.63,475.53,8.5,61.1
2025-12-24T09:30:00,APT_102,sdb,False,False,16.0,50.7,,23.96,0.64,468.54,8.5,61.1
2025-12-24T09:40:00,APT_102,chambre,False,False,15.9,49.0,,23.1,0.62,465.64,8.4,60.3
2025-12-24T09:40:00,APT_102,cuisine,False,False,16.1,47.4,,22.75,0.65,465.66,8.4,60.3
2025-12-24T09:40:00,APT_102,salon,False,False,15.9,50.4,639.0,22.11,0.63,473.91,8.4,60.3
2025-12-24T09:40:00,APT_102,sdb,False,False,16.0,51.3,,23.31,0.63,468.11,8.4,60.3
2025-12-24T09:50:00,APT_102,chambre,False,False,15.9,48.5,,22.64,0.64,469.05,8.5,59.0
2025-12-24T09:50:00,APT_102,cuisine,False,False,16.2,47.4,,22.24,0.64,470.01,8.5,59.0
2025-12-24T09:50:00,APT_102,salon,False,False,15.9,50.7,635.0,21.63,0.64,477.98,8.5,59.0
2025-12-24T09:50:00,APT_102,sdb,False,False,16.0,51.4,,22.8,0.63,465.86,8.5,59.0
2025-12-24T10:00:00,APT_102,chambre,False,False,15.9,48.3,,22.19,0.63,474.82,9.9,59.2
2025-12-24T10:00:00,APT_102,cuisine,False,False,16.3,47.4,,21.73,0.65,475.68,9.9,59.2
2025-12-24T10:00:00,APT_102,salon,False,False,15.9,49.8,631.0,21.24,0.63,483.06,9.9,59.2
2025-12-24T10:00:00,APT_102,sdb,False,False,16.1,52.2,,22.26,0.62,471.77,9.9,59.2
2025-12-24T10:10:00,APT_102,chambre,False,False,15.8,47.7,,21.61,0.62,477.38,9.7,59.1
2025-12-24T10:10:00,APT_102,cuisine,False,False,16.2,47.0,,21.26,0.65,476.64,9.7,59.1
2025-12-24T10:10:00,APT_102,salon,False,False,15.9,49.2,627.0,20.82,0.64,480.2,9.7,59.1
2025-12-24T10:10:00,APT_102,sdb,False,False,16.1,51.3,,21.67,0.61,476.11,9.7,59.1
2025-12-24T10:20:00,APT_102,chambre,False,False,15.8,46.9,,21.16,0.61,480.32,9.3,56.7
2025-12-24T10:20:00,APT_102,cuisine,False,False,16.1,47.8,,20.79,0.66,477.51,9.3,56.7
2025-12-24T10:20:00,APT_102,salon,False,False,15.9,48.6,623.0,20.44,0.65,484.86,9.3,56.7
2025-12-24T10:20:00,APT_102,sdb,False,False,16.0,51.9,,21.17,0.61,479.64,9.3,56.7
2025-12-24T10:30:00,APT_102,chambre,False,False,15.8,47.7,,20.63,0.62,483.71,9.6,58.1
2025-12-24T10:30:00,APT_102,cuisine,False,False,16.1,48.5,,20.44,0.67,478.21,9.6,58.1
2025-12-24T10:30:00,APT_102,salon,False,False,15.9,49.4,619.0,20.0,0.66,484.94,9.6,58.1
2025-12-24T10:30:00,APT_102,sdb,False,False,15.9,52.3,,20.63,0.61,481.18,9.6,58.1
2025-12-24T10:40:00,APT_102,chambre,False,False,15.8,48.8,,20.24,0.61,482.53,9.5,58.4
2025-12-24T10:40:00,APT_102,cuisine,False,False,16.0,49.5,,20.08,0.68,476.43,9.5,58.4
2025-12-24T10:40:00,APT_102,salon,False,False,15.8,49.0,615.0,19.52,0.65,487.62,9.5,58.4
2025-12-24T10:40:00,APT_102,sdb,False,False,16.0,52.0,,20.26,0.61,479.85,9.5,58.4
2025-12-24T10:50:00,APT_102,chambre,False,False,15.7,49.2,,19.84,0.61,480.54,9.5,57.4
2025-12-24T10:50:00,APT_102,cuisine,False,False,16.1,50.1,,19.61,0.68,482.41,9.5,57.4
2025-12-24T10:50:00,APT_102,salon,False,False,15.8,49.2,611.0,19.08,0.66,486.67,9.5,57.4
2025-12-24T10:50:00,APT_102,sdb,False,False,15.9,52.0,,19.95,0.6,482.18,9.5,57.4
2025-12-24T11:00:00,APT_102,chambre,False,False,15.7,48.4,,19.38,0.61,480.11,10.4,58.1
2025-12-24T11:00:00,APT_102,cuisine,False,False,16.1,50.6,,19.23,0.68,487.96,10.4,58.1
2025-12-24T11:00:00,APT_102,salon,False,False,15.8,48.8,607.0,18.69,0.65,488.35,10.4,58.1
2025-12-24T11:00:00,APT_102,sdb,False,False,15.8,52.8,,19.62,0.61,484.18,10.4,58.1
2025-12-24T11:10:00,APT_102,chambre,False,False,15.7,48.1,,18.99,0.6,477.34,10.7,55.0
2025-12-24T11:10:00,APT_102,cuisine,False,False,16.0,50.7,,18.94,0.69,489.65,10.7,55.0
2025-12-24T11:10:00,APT_102,salon,False,False,15.9,48.8,603.0,18.29,0.65,489.04,10.7,55.0
2025-12-24T11:10:00,APT_102,sdb,False,False,15.8,52.0,,19.24,0.62,490.17,10.7,55.0
2025-12-24T11:20:00,APT_102,chambre,False,False,15.8,47.3,,18.6,0.59,482.78,10.5,55.4
2025-12-24T11:20:00,APT_102,cuisine,False,False,16.1,50.7,,18.5,0.7,495.76,10.5,55.4
2025-12-24T11:20:00,APT_102,salon,False,False,15.9,48.7,599.0,18.02,0.67,493.25,10.5,55.4
2025-12-24T11:20:00,APT_102,sdb,False,False,15.9,51.6,,18.95,0.62,492.69,10.5,55.4
2025-12-24T11:30:00,APT_102,chambre,False,False,15.8,47.8,,18.37,0.6,480.78,10.4,56.8
2025-12-24T11:30:00,APT_102,cuisine,False,False,16.0,51.4,,18.16,0.68,493.83,10.4,56.8
2025-12-24T11:30:00,APT_102,salon,False,False,16.0,49.6,595.0,17.66,0.66,493.43,10.4,56.8
2025-12-24T11:30:00,APT_102,sdb,False,False,16.0,51.8,,18.63,0.62,494.73,10.4,56.8
2025-12-24T11:40:00,APT_102,chambre,False,False,15.8,47.1,,18.01,0.59,480.24,10.3,56.6
2025-12-24T11:40:00,APT_102,cuisine,False,False,15.9,51.0,,17.93,0.7,493.76,10.3,56.6
2025-12-24T11:40:00,APT_102,salon,False,False,16.1,48.7,592.0,17.29,0.67,496.57,10.3,56.6
2025-12-24T11:40:00,APT_102,sdb,False,False,16.0,52.0,,18.24,0.63,494.03,10.3,56.6
2025-12-24T11:50:00,APT_102,chambre,False,False,15.8,46.3,,17.7,0.6,479.69,10.6,54.9
2025-12-24T11:50:00,APT_102,cuisine,False,False,15.9,51.2,,17.68,0.68,492.73,10.6,54.9
2025-12-24T11:50:00,APT_102,salon,False,False,16.2,48.9,589.0,17.01,0.66,497.04,10.6,54.9
2025-12-24T11:50:00,APT_102,sdb,False,False,15.9,51.7,,17.85,0.63,494.71,10.6,54.9
2025-12-24T12:00:00,APT_102,chambre,False,False,15.8,46.7,,17.51,0.59,478.71,11.3,55.5
2025-12-24T12:00:00,APT_102,cuisine,False,False,15.9,51.9,,17.36,0.67,494.3,11.3,55.5
2025-12-24T12:00:00,APT_102,salon,False,False,16.1,49.9,586.0,16.81,0.67,501.55,11.3,55.5
2025-12-24T12:00:00,APT_102,sdb,False,False,15.9,52.2,,17.52,0.65,496.42,11.3,55.5
2025-12-24T12:10:00,APT_102,chambre,False,False,15.8,46.2,,17.18,0.6,478.29,11.0,53.3
2025-12-24T12:10:00,APT_102,cuisine,False,False,15.8,51.4,,17.11,0.68,493.54,11.0,53.3
2025-12-24T12:10:00,APT_102,salon,False,False,16.1,50.6,583.0,16.51,0.66,504.71,11.0,53.3
2025-12-24T12:10:00,APT_102,sdb,False,False,15.9,52.9,,17.25,0.65,498.44,11.0,53.3
2025-12-24T12:20:00,APT_102,chambre,False,False,15.8,45.5,,16.82,0.62,482.84,11.5,53.1
2025-12-24T12:20:00,APT_102,cuisine,False,False,15.7,52.2,,16.87,0.69,498.1,11.5,53.1
2025-12-24T12:20:00,APT_102,salon,False,False,16.1,50.3,580.0,16.27,0.67,504.73,11.5,53.1
2025-12-24T12:20:00,APT_102,sdb,False,False,15.8,53.3,,17.01,0.66,496.52,11.5,53.1
2025-12-24T12:30:00,APT_102,chambre,False,False,15.8,46.0,,16.58,0.63,480.56,11.2,54.9
2025-12-24T12:30:00,APT_102,cuisine,False,False,15.7,51.6,,16.54,0.7,495.75,11.2,54.9
2025-12-24T12:30:00,APT_102,salon,False,False,16.1,50.8,577.0,16.09,0.66,506.06,11.2,54.9
2025-12-24T12:30:00,APT_102,sdb,False,False,15.8,53.6,,16.78,0.66,502.35,11.2,54.9
2025-12-24T12:40:00,APT_102,chambre,False,False,15.8,45.6,,16.35,0.65,477.1,11.1,56.5
2025-12-24T12:40:00,APT_102,cuisine,False,False,15.7,51.7,,16.37,0.7,494.84,11.1,56.5
2025-12-24T12:40:00,APT_102,salon,False,False,16.0,50.3,574.0,15.9,0.67,508.72,11.1,56.5
2025-12-24T12:40:00,APT_102,sdb,False,False,15.7,53.9,,16.47,0.66,508.08,11.1,56.5
2025-12-24T12:50:00,APT_102,chambre,False,False,15.9,45.8,,16.14,0.67,475.78,11.2,55.1
2025-12-24T12:50:00,APT_102,cuisine,False,False,15.7,51.4,,16.09,0.69,499.24,11.2,55.1
2025-12-24T12:50:00,APT_102,salon,False,False,15.9,49.7,571.0,15.68,0.66,505.41,11.2,55.1
2025-12-24T12:50:00,APT_102,sdb,False,False,15.6,54.3,,16.22,0.67,506.37,11.2,55.1
2025-12-24T13:00:00,APT_102,chambre,False,False,15.9,45.8,,15.97,0.68,477.03,12.3,51.7
2025-12-24T13:00:00,APT_102,cuisine,False,False,15.7,52.0,,15.91,0.69,497.7,12.3,51.7
2025-12-24T13:00:00,APT_102,salon,False,False,15.8,50.4,568.0,15.41,0.67,506.02,12.3,51.7
2025-12-24T13:00:00,APT_102,sdb,False,False,15.5,54.8,,16.09,0.67,502.85,12.3,51.7
2025-12-24T13:10:00,APT_102,chambre,False,False,15.8,45.8,,15.77,0.68,474.25,12.3,50.9
2025-12-24T13:10:00,APT_102,cuisine,False,False,15.7,52.1,,15.71,0.67,502.62,12.3,50.9
2025-12-24T13:10:00,APT_102,salon,False,False,15.9,50.5,565.0,15.13,0.68,511.82,12.3,50.9
2025-12-24T13:10:00,APT_102,sdb,False,False,15.4,55.5,,15.96,0.68,507.65,12.3,50.9
2025-12-24T13:20:00,APT_102,chambre,False,False,15.8,46.5,,15.49,0.68,473.34,12.1,51.5
2025-12-24T13:20:00,APT_102,cuisine,False,False,15.7,51.9,,15.56,0.66,505.43,12.1,51.5
2025-12-24T13:20:00,APT_102,salon,False,False,15.9,51.1,562.0,14.88,0.67,517.41,12.1,51.5
2025-12-24T13:20:00,APT_102,sdb,False,False,15.4,55.8,,15.78,0.67,504.36,12.1,51.5
2025-12-24T13:30:00,APT_102,chambre,False,False,15.8,46.5,,15.31,0.66,479.25,12.5,53.3
2025-12-24T13:30:00,APT_102,cuisine,False,False,15.7,51.5,,15.37,0.66,504.95,12.5,53.3
2025-12-24T13:30:00,APT_102,salon,False,False,15.8,50.4,559.0,14.62,0.66,522.41,12.5,53.3
2025-12-24T13:30:00,APT_102,sdb,False,False,15.4,55.2,,15.61,0.68,501.14,12.5,53.3
2025-12-24T13:40:00,APT_102,chambre,False,False,15.7,46.3,,15.22,0.65,485.47,12.5,50.5
2025-12-24T13:40:00,APT_102,cuisine,False,False,15.6,50.8,,15.28,0.65,501.24,12.5,50.5
2025-12-24T13:40:00,APT_102,salon,False,False,15.7,49.4,556.0,14.56,0.65,522.31,12.5,50.5
2025-12-24T13:40:00,APT_102,sdb,False,False,15.5,54.7,,15.48,0.68,502.21,12.5,50.5
2025-12-24T13:50:00,APT_102,chambre,False,False,15.7,46.0,,14.95,0.64,485.65,12.1,54.0
2025-12-24T13:50:00,APT_102,cuisine,False,False,15.6,50.3,,15.12,0.65,499.35,12.1,54.0
2025-12-24T13:50:00,APT_102,salon,False,False,15.7,49.0,553.0,14.49,0.66,527.15,12.1,54.0
2025-12-24T13:50:00,APT_102,sdb,False,False,15.6,55.1,,15.27,0.69,507.41,12.1,54.0
2025-12-24T14:00:00,APT_102,chambre,False,False,15.6,45.4,,14.72,0.63,485.84,13.3,50.0
2025-12-24T14:00:00,APT_102,cuisine,False,False,15.7,49.5,,14.68,0.66,499.93,13.3,50.0
2025-12-24T14:00:00,APT_102,salon,False,False,15.8,48.4,550.0,14.18,0.67,524.15,13.3,50.0
2025-12-24T14:00:00,APT_102,sdb,False,False,15.7,54.7,,15.0,0.68,510.7,13.3,50.0
2025-12-24T14:10:00,APT_102,chambre,False,False,15.6,45.8,,14.46,0.62,485.43,12.9,50.2
2025-12-24T14:10:00,APT_102,cuisine,False,False,15.7,49.5,,14.43,0.67,501.63,12.9,50.2
2025-12-24T14:10:00,APT_102,salon,False,False,15.8,48.8,547.0,13.93,0.68,522.35,12.9,50.2
2025-12-24T14:10:00,APT_102,sdb,False,False,15.7,55.1,,14.57,0.69,513.65,12.9,50.2
2025-12-24T14:20:00,APT_102,chambre,False,False,15.7,45.3,,14.19,0.64,484.42,13.4,51.1
2025-12-24T14:20:00,APT_102,cuisine,False,False,15.7,49.6,,14.06,0.67,507.18,13.4,51.1
2025-12-24T14:20:00,APT_102,salon,False,False,15.9,48.9,544.0,13.66,0.66,519.77,13.4,51.1
2025-12-24T14:20:00,APT_102,sdb,False,False,15.7,54.8,,14.22,0.69,516.35,13.4,51.1
2025-12-24T14:30:00,APT_102,chambre,False,False,15.6,45.8,,13.9,0.65,487.87,12.8,52.4
2025-12-24T14:30:00,APT_102,cuisine,False,False,15.7,49.6,,13.82,0.66,509.15,12.8,52.4
2025-12-24T14:30:00,APT_102,salon,False,False,15.9,49.4,542.0,13.46,0.66,523.58,12.8,52.4
2025-12-24T14:30:00,APT_102,sdb,False,False,15.7,54.3,,13.97,0.7,512.59,12.8,52.4
2025-12-24T14:40:00,APT_102,chambre,False,False,15.6,45.2,,13.7,0.65,489.31,13.3,48.4
2025-12-24T14:40:00,APT_102,cuisine,False,False,15.6,49.8,,13.42,0.67,514.24,13.3,48.4
2025-12-24T14:40:00,APT_102,salon,False,False,15.9,49.0,540.0,13.25,0.68,525.73,13.3,48.4
2025-12-24T14:40:00,APT_102,sdb,False,False,15.8,54.7,,13.77,0.71,509.42,13.3,48.4
2025-12-24T14:50:00,APT_102,chambre,False,False,15.6,45.5,,13.49,0.64,489.6,13.2,49.6
2025-12-24T14:50:00,APT_102,cuisine,False,False,15.6,50.8,,13.21,0.66,511.36,13.2,49.6
2025-12-24T14:50:00,APT_102,salon,False,False,15.9,48.8,538.0,12.95,0.67,529.67,13.2,49.6
2025-12-24T14:50:00,APT_102,sdb,False,False,15.7,54.8,,13.61,0.72,513.0,13.2,49.6
2025-12-24T15:00:00,APT_102,chambre,False,False,15.6,45.0,,13.28,0.66,486.87,13.8,47.9
2025-12-24T15:00:00,APT_102,cuisine,False,False,15.6,51.7,,12.97,0.67,515.41,13.8,47.9
2025-12-24T15:00:00,APT_102,salon,False,False,16.0,49.0,536.0,12.72,0.66,528.62,13.8,47.9
2025-12-24T15:00:00,APT_102,sdb,False,False,15.7,54.6,,13.34,0.7,516.96,13.8,47.9
2025-12-24T15:10:00,APT_102,chambre,False,False,15.6,44.8,,13.09,0.65,490.45,14.0,48.3
2025-12-24T15:10:00,APT_102,cuisine,False,False,15.5,51.3,,12.75,0.66,516.42,14.0,48.3
2025-12-24T15:10:00,APT_102,salon,False,False,16.1,49.1,534.0,12.4,0.64,531.53,14.0,48.3
2025-12-24T15:10:00,APT_102,sdb,False,False,15.7,54.8,,13.02,0.71,514.0,14.0,48.3
2025-12-24T15:20:00,APT_102,chambre,False,False,15.7,44.2,,12.93,0.64,495.46,14.2,47.2
2025-12-24T15:20:00,APT_102,cuisine,False,False,15.5,52.2,,12.52,0.64,518.19,14.2,47.2
2025-12-24T15:20:00,APT_102,salon,False,False,16.0,48.7,532.0,12.12,0.64,528.39,14.2,47.2
2025-12-24T15:20:00,APT_102,sdb,False,False,15.8,55.0,,12.81,0.71,514.27,14.2,47.2
2025-12-24T15:30:00,APT_102,chambre,False,False,15.7,44.3,,12.64,0.63,493.38,14.0,50.1
2025-12-24T15:30:00,APT_102,cuisine,False,False,15.6,52.4,,12.19,0.65,520.23,14.0,50.1
2025-12-24T15:30:00,APT_102,salon,False,False,16.0,49.1,530.0,11.86,0.63,526.55,14.0,50.1
2025-12-24T15:30:00,APT_102,sdb,False,False,15.7,54.6,,12.48,0.69,510.74,14.0,50.1
2025-12-24T15:40:00,APT_102,chambre,False,False,15.6,44.4,,12.44,0.61,494.73,13.8,48.1
2025-12-24T15:40:00,APT_102,cuisine,False,False,15.7,52.5,,11.9,0.66,516.82,13.8,48.1
2025-12-24T15:40:00,APT_102,salon,False,False,16.1,48.3,528.0,11.65,0.64,531.32,13.8,48.1
2025-12-24T15:40:00,APT_102,sdb,False,False,15.7,54.6,,12.34,0.7,510.13,13.8,48.1
2025-12-24T15:50:00,APT_102,chambre,False,False,15.7,45.3,,12.24,0.62,500.33,14.0,49.4
2025-12-24T15:50:00,APT_102,cuisine,False,False,15.7,52.7,,11.82,0.65,513.56,14.0,49.4
2025-12-24T15:50:00,APT_102,salon,False,False,16.1,48.5,526.0,11.6,0.62,533.33,14.0,49.4
2025-12-24T15:50:00,APT_102,sdb,False,False,15.7,54.4,,12.15,0.7,512.66,14.0,49.4
2025-12-24T16:00:00,APT_102,chambre,False,False,15.7,45.5,,12.11,0.61,501.63,13.6,49.3
2025-12-24T16:00:00,APT_102,cuisine,False,False,15.8,51.8,,11.61,0.67,512.68,13.6,49.3
2025-12-24T16:00:00,APT_102,salon,False,False,16.0,48.0,524.0,11.45,0.62,534.53,13.6,49.3
2025-12-24T16:00:00,APT_102,sdb,False,False,15.7,53.8,,12.01,0.7,511.94,13.6,49.3
2025-12-24T16:10:00,APT_102,chambre,False,False,15.8,45.2,,11.95,0.6,497.46,13.4,49.5
2025-12-24T16:10:00,APT_102,cuisine,False,False,15.8,51.1,,11.41,0.66,508.6,13.4,49.5
2025-12-24T16:10:00,APT_102,salon,False,False,16.0,47.2,522.0,11.23,0.64,535.41,13.4,49.5
2025-12-24T16:10:00,APT_102,sdb,False,False,15.7,53.0,,11.82,0.71,509.41,13.4,49.5
2025-12-24T16:20:00,APT_102,chambre,False,False,15.7,45.9,,11.68,0.6,500.42,13.4,48.8
2025-12-24T16:20:00,APT_102,cuisine,False,False,15.9,50.1,,11.17,0.65,513.6,13.4,48.8
2025-12-24T16:20:00,APT_102,salon,False,False,16.0,47.8,520.0,10.98,0.62,534.71,13.4,48.8
2025-12-24T16:20:00,APT_102,sdb,False,False,15.6,53.8,,11.63,0.7,508.38,13.4,48.8
2025-12-24T16:30:00,APT_102,chambre,False,False,15.7,45.1,,11.62,0.59,502.33,13.5,50.5
2025-12-24T16:30:00,APT_102,cuisine,False,False,15.9,50.5,,11.03,0.67,516.35,13.5,50.5
2025-12-24T16:30:00,APT_102,salon,False,False,15.9,48.6,518.0,10.88,0.61,534.94,13.5,50.5
2025-12-24T16:30:00,APT_102,sdb,False,False,15.6,53.3,,11.38,0.69,510.23,13.5,50.5
2025-12-24T16:40:00,APT_102,chambre,False,False,15.7,44.8,,11.5,0.61,501.02,13.3,49.4
2025-12-24T16:40:00,APT_102,cuisine,False,False,15.9,50.9,,10.96,0.69,520.96,13.3,49.4
2025-12-24T16:40:00,APT_102,salon,False,False,15.9,47.7,516.0,10.81,0.61,531.23,13.3,49.4
2025-12-24T16:40:00,APT_102,sdb,False,False,15.6,52.6,,11.27,0.7,512.1,13.3,49.4
2025-12-24T16:50:00,APT_102,chambre,False,False,15.8,45.2,,11.42,0.63,497.93,13.1,52.1
2025-12-24T16:50:00,APT_102,cuisine,False,False,15.8,50.8,,10.68,0.7,526.35,13.1,52.1
2025-12-24T16:50:00,APT_102,salon,False,False,15.9,46.9,514.0,10.7,0.6,534.75,13.1,52.1
2025-12-24T16:50:00,APT_102,sdb,False,False,15.7,52.3,,11.13,0.71,512.39,13.1,52.1
2025-12-24T17:00:00,APT_102,chambre,False,False,15.9,45.6,,11.31,0.64,496.96,12.6,53.0
2025-12-24T17:00:00,APT_102,cuisine,False,False,15.9,49.9,,10.72,0.71,526.11,12.6,53.0
2025-12-24T17:00:00,APT_102,salon,False,False,16.0,46.0,512.0,10.8,0.6,532.82,12.6,53.0
2025-12-24T17:00:00,APT_102,sdb,False,False,15.8,51.5,,11.08,0.7,516.1,12.6,53.0
2025-12-24T17:10:00,APT_102,chambre,False,False,16.0,45.8,,11.23,0.64,493.6,12.9,49.8
2025-12-24T17:10:00,APT_102,cuisine,False,False,16.0,49.2,,10.67,0.69,523.98,12.9,49.8
2025-12-24T17:10:00,APT_102,salon,False,False,16.0,45.7,510.0,10.87,0.59,533.31,12.9,49.8
2025-12-24T17:10:00,APT_102,sdb,False,False,15.7,51.7,,11.02,0.68,515.92,12.9,49.8
2025-12-24T17:20:00,APT_102,chambre,False,False,15.9,46.5,,11.17,0.64,492.67,12.9,53.0
2025-12-24T17:20:00,APT_102,cuisine,False,False,15.9,48.3,,10.7,0.7,522.05,12.9,53.0
2025-12-24T17:20:00,APT_102,salon,False,False,16.0,45.1,508.0,10.88,0.58,537.61,12.9,53.0
2025-12-24T17:20:00,APT_102,sdb,False,False,15.8,51.0,,10.96,0.69,511.92,12.9,53.0
2025-12-24T17:30:00,APT_102,chambre,False,False,15.9,46.5,,11.16,0.64,491.03,12.7,49.7
2025-12-24T17:30:00,APT_102,cuisine,False,False,15.9,47.6,,10.66,0.7,519.15,12.7,49.7
2025-12-24T17:30:00,APT_102,salon,False,False,16.0,45.5,506.0,10.99,0.58,536.94,12.7,49.7
2025-12-24T17:30:00,APT_102,sdb,False,False,15.8,50.8,,10.91,0.7,509.38,12.7,49.7
2025-12-24T17:40:00,APT_102,chambre,False,False,15.8,46.7,,11.22,0.64,487.06,12.5,53.6
2025-12-24T17:40:00,APT_102,cuisine,False,False,16.0,48.1,,10.74,0.68,522.91,12.5,53.6
2025-12-24T17:40:00,APT_102,salon,False,False,15.9,45.9,504.0,10.94,0.57,535.9,12.5,53.6
2025-12-24T17:40:00,APT_102,sdb,False,False,15.8,49.9,,10.97,0.71,511.67,12.5,53.6
2025-12-24T17:50:00,APT_102,chambre,False,False,15.8,45.9,,11.23,0.63,490.53,12.6,51.8
2025-12-24T17:50:00,APT_102,cuisine,False,False,15.9,48.3,,10.73,0.69,523.69,12.6,51.8
2025-12-24T17:50:00,APT_102,salon,False,False,16.0,46.9,502.0,10.86,0.56,538.64,12.6,51.8
2025-12-24T17:50:00,APT_102,sdb,False,False,15.8,50.0,,10.9,0.7,514.91,12.6,51.8
2025-12-24T18:00:00,APT_102,chambre,False,False,15.8,45.4,,11.6,0.62,491.19,12.0,53.2
2025-12-24T18:00:00,APT_102,cuisine,False,False,15.8,48.6,,10.9,0.69,522.87,12.0,53.2
2025-12-24T18:00:00,APT_102,salon,False,False,15.9,46.1,500.0,11.1,0.56,534.16,12.0,53.2
2025-12-24T18:00:00,APT_102,sdb,False,False,15.8,50.0,,11.29,0.71,516.53,12.0,53.2
2025-12-24T18:10:00,APT_102,chambre,False,False,15.9,45.9,,12.06,0.61,489.05,11.9,51.8
2025-12-24T18:10:00,APT_102,cuisine,False,False,15.8,48.6,,11.08,0.67,520.25,11.9,51.8
2025-12-24T18:10:00,APT_102,salon,False,False,15.9,46.4,498.0,11.4,0.58,531.56,11.9,51.8
2025-12-24T18:10:00,APT_102,sdb,False,False,15.7,49.1,,11.6,0.7,517.41,11.9,51.8
2025-12-24T18:20:00,APT_102,chambre,False,False,15.8,45.1,,12.34,0.6,491.09,11.9,53.2
2025-12-24T18:20:00,APT_102,cuisine,False,False,15.7,48.9,,11.37,0.67,520.95,11.9,53.2
2025-12-24T18:20:00,APT_102,salon,False,False,15.8,46.8,496.0,11.52,0.58,536.26,11.9,53.2
2025-12-24T18:20:00,APT_102,sdb,False,False,15.6,48.4,,11.91,0.71,516.48,11.9,53.2
2025-12-24T18:30:00,APT_102,chambre,False,False,15.8,45.4,,12.7,0.62,493.72,12.0,54.4
2025-12-24T18:30:00,APT_102,cuisine,False,False,15.7,49.7,,11.73,0.65,523.92,12.0,54.4
2025-12-24T18:30:00,APT_102,salon,False,False,15.8,47.2,494.0,11.73,0.58,535.1,12.0,54.4
2025-12-24T18:30:00,APT_102,sdb,False,False,15.6,48.1,,12.12,0.69,519.39,12.0,54.4
2025-12-24T18:40:00,APT_102,chambre,False,False,15.7,45.1,,12.97,0.62,492.97,12.2,50.9
2025-12-24T18:40:00,APT_102,cuisine,False,False,15.7,50.7,,12.0,0.65,522.82,12.2,50.9
2025-12-24T18:40:00,APT_102,salon,False,False,15.8,46.7,493.0,12.1,0.57,534.32,12.2,50.9
2025-12-24T18:40:00,APT_102,sdb,False,False,15.7,47.2,,12.53,0.69,519.04,12.2,50.9
2025-12-24T18:50:00,APT_102,chambre,False,False,15.7,45.6,,13.17,0.61,490.97,12.3,52.1
2025-12-24T18:50:00,APT_102,cuisine,False,False,15.6,49.9,,12.4,0.64,525.32,12.3,52.1
2025-12-24T18:50:00,APT_102,salon,False,False,15.7,46.4,492.0,12.34,0.59,530.36,12.3,52.1
2025-12-24T18:50:00,APT_102,sdb,False,False,15.6,47.6,,12.87,0.69,515.4,12.3,52.1
2025-12-24T19:00:00,APT_102,chambre,False,True,16.1,45.7,,14.23,0.62,490.49,11.7,54.6
2025-12-24T19:00:00,APT_102,cuisine,False,True,15.8,54.7,,33.04,2.67,743.37,11.7,54.6
2025-12-24T19:00:00,APT_102,salon,False,True,16.1,46.8,518.0,13.38,0.6,530.97,11.7,54.6
2025-12-24T19:00:00,APT_102,sdb,False,True,16.0,54.3,,13.87,0.69,520.34,11.7,54.6
2025-12-24T19:10:00,APT_102,chambre,False,True,16.4,45.5,,14.98,0.62,491.0,11.5,54.4
2025-12-24T19:10:00,APT_102,cuisine,False,True,16.1,57.4,,73.08,4.8,1076.92,11.5,54.4
2025-12-24T19:10:00,APT_102,salon,False,True,16.3,46.8,546.0,14.25,0.62,535.33,11.5,54.4
2025-12-24T19:10:00,APT_102,sdb,False,True,16.3,61.2,,15.74,0.67,524.91,11.5,54.4
2025-12-24T19:20:00,APT_102,chambre,False,True,16.7,46.3,,16.02,0.61,487.93,11.4,55.6
2025-12-24T19:20:00,APT_102,cuisine,False,True,16.4,59.8,,92.31,6.14,1317.77,11.4,55.6
2025-12-24T19:20:00,APT_102,salon,False,True,16.5,46.1,577.0,16.07,0.61,538.72,11.4,55.6
2025-12-24T19:20:00,APT_102,sdb,False,True,16.5,67.9,,17.68,0.68,530.68,11.4,55.6
2025-12-24T19:30:00,APT_102,chambre,False,True,17.0,47.4,,17.08,0.6,488.78,11.3,52.4
2025-12-24T19:30:00,APT_102,cuisine,False,True,16.5,62.1,,128.45,6.71,1545.96,11.3,52.4
2025-12-24T19:30:00,APT_102,salon,False,True,16.8,45.8,599.0,16.87,0.62,542.24,11.3,52.4
2025-12-24T19:30:00,APT_102,sdb,False,True,16.8,73.6,,19.27,0.69,529.0,11.3,52.4
2025-12-24T19:40:00,APT_102,chambre,False,True,17.2,48.3,,18.21,0.6,494.41,11.5,53.2
2025-12-24T19:40:00,APT_102,cuisine,False,True,16.7,66.1,,149.03,7.29,1848.73,11.5,53.2
2025-12-24T19:40:00,APT_102,salon,False,True,17.1,46.9,623.0,17.93,0.64,537.36,11.5,53.2
2025-12-24T19:40:00,APT_102,sdb,False,True,17.1,77.6,,20.81,0.67,533.99,11.5,53.2
2025-12-24T19:50:00,APT_102,chambre,False,True,17.4,49.0,,19.27,0.62,496.82,11.5,52.9
2025-12-24T19:50:00,APT_102,cuisine,False,True,16.9,68.9,,163.92,8.63,2141.3,11.5,52.9
2025-12-24T19:50:00,APT_102,salon,False,True,17.2,47.1,651.0,18.42,0.63,538.13,11.5,52.9
2025-12-24T19:50:00,APT_102,sdb,False,True,17.3,79.3,,21.65,0.69,537.59,11.5,52.9
2025-12-24T20:00:00,APT_102,chambre,False,True,17.5,49.8,,20.99,0.63,502.4,11.1,52.9
2025-12-24T20:00:00,APT_102,cuisine,False,True,17.1,73.1,,181.83,10.16,2341.78,11.1,52.9
2025-12-24T20:00:00,APT_102,salon,False,True,17.3,48.1,689.0,19.03,0.63,540.44,11.1,52.9
2025-12-24T20:00:00,APT_102,sdb,False,True,17.5,79.8,,22.14,0.68,538.75,11.1,52.9
2025-12-24T20:10:00,APT_102,chambre,False,True,17.7,49.8,,21.68,0.62,505.58,11.0,55.3
2025-12-24T20:10:00,APT_102,cuisine,False,True,17.3,75.1,,192.15,11.61,2457.37,11.0,55.3
2025-12-24T20:10:00,APT_102,salon,False,True,17.4,48.1,731.0,19.92,0.62,539.34,11.0,55.3
2025-12-24T20:10:00,APT_102,sdb,False,True,17.7,79.8,,23.18,0.68,538.32,11.0,55.3
2025-12-24T20:20:00,APT_102,chambre,False,True,17.9,49.7,,23.29,0.61,505.74,10.9,56.8
2025-12-24T20:20:00,APT_102,cuisine,False,True,17.4,76.8,,223.94,12.88,2622.74,10.9,56.8
2025-12-24T20:20:00,APT_102,salon,False,True,17.5,49.0,767.0,21.55,0.62,538.46,10.9,56.8
2025-12-24T20:20:00,APT_102,sdb,False,True,17.7,80.9,,24.35,0.68,540.18,10.9,56.8
2025-12-24T20:30:00,APT_102,chambre,False,True,17.9,50.3,,24.14,0.63,505.7,10.6,54.9
2025-12-24T20:30:00,APT_102,cuisine,False,True,17.6,78.5,,235.24,13.11,2761.05,10.6,54.9
2025-12-24T20:30:00,APT_102,salon,False,True,17.7,48.4,793.0,23.0,0.64,538.47,10.6,54.9
2025-12-24T20:30:00,APT_102,sdb,False,True,17.7,79.5,,24.85,0.69,537.28,10.6,54.9
2025-12-24T20:40:00,APT_102,chambre,False,True,18.0,50.0,,25.42,0.64,506.63,10.9,54.7
2025-12-24T20:40:00,APT_102,cuisine,False,True,17.6,80.6,,244.28,14.23,3042.59,10.9,54.7
2025-12-24T20:40:00,APT_102,salon,False,True,17.7,48.7,829.0,23.75,0.64,543.65,10.9,54.7
2025-12-24T20:40:00,APT_102,sdb,False,True,17.9,79.9,,25.96,0.68,539.67,10.9,54.7
2025-12-24T20:50:00,APT_102,chambre,False,True,18.1,49.8,,26.3,0.64,506.66,11.1,53.3
2025-12-24T20:50:00,APT_102,cuisine,False,True,17.8,79.5,,259.45,15.02,3173.99,11.1,53.3
2025-12-24T20:50:00,APT_102,salon,False,True,17.7,48.1,864.0,30.35,0.63,545.98,11.1,53.3
2025-12-24T20:50:00,APT_102,sdb,False,True,18.0,80.0,,26.91,0.68,535.88,11.1,53.3
2025-12-24T21:00:00,APT_102,chambre,False,True,18.2,49.5,,26.26,0.63,511.08,10.2,58.2
2025-12-24T21:00:00,APT_102,cuisine,False,True,17.9,77.9,,250.26,14.29,3125.03,10.2,58.2
2025-12-24T21:00:00,APT_102,salon,False,True,17.8,47.6,878.0,31.36,0.62,542.58,10.2,58.2
2025-12-24T21:00:00,APT_102,sdb,False,True,18.1,79.2,,27.27,0.68,538.03,10.2,58.2
2025-12-24T21:10:00,APT_102,chambre,False,True,18.3,49.1,,26.86,0.63,514.02,10.2,58.1
2025-12-24T21:10:00,APT_102,cuisine,False,True,17.9,76.8,,241.03,13.6,3069.61,10.2,58.1
2025-12-24T21:10:00,APT_102,salon,False,True,17.8,47.9,895.0,31.22,0.62,544.41,10.2,58.1
2025-12-24T21:10:00,APT_102,sdb,False,True,18.1,78.3,,27.44,0.69,538.24,10.2,58.1
2025-12-24T21:20:00,APT_102,chambre,False,True,18.4,48.4,,27.15,0.62,516.25,10.6,56.6
2025-12-24T21:20:00,APT_102,cuisine,False,True,18.0,76.9,,231.75,12.95,3017.96,10.6,56.6
2025-12-24T21:20:00,APT_102,salon,False,True,17.9,48.6,909.0,31.66,0.63,544.3,10.6,56.6
2025-12-24T21:20:00,APT_102,sdb,False,True,18.2,78.0,,27.83,0.7,538.69,10.6,56.6
2025-12-24T21:30:00,APT_102,chambre,False,True,18.4,48.2,,27.57,0.6,514.6,10.4,57.5
2025-12-24T21:30:00,APT_102,cuisine,False,True,18.0,75.2,,222.7,12.33,2967.71,10.4,57.5
2025-12-24T21:30:00,APT_102,salon,False,True,18.0,49.0,924.0,44.32,0.62,543.29,10.4,57.5
2025-12-24T21:30:00,APT_102,sdb,False,True,18.3,76.9,,28.27,0.71,537.57,10.4,57.5
2025-12-24T21:40:00,APT_102,chambre,False,True,18.3,48.1,,28.03,0.59,511.05,10.1,58.4
2025-12-24T21:40:00,APT_102,cuisine,False,True,18.1,73.6,,213.72,11.75,2920.62,10.1,58.4
2025-12-24T21:40:00,APT_102,salon,False,True,18.1,49.6,941.0,44.53,0.62,547.27,10.1,58.4
2025-12-24T21:40:00,APT_102,sdb,False,True,18.3,76.1,,29.0,0.72,534.56,10.1,58.4
2025-12-24T21:50:00,APT_102,chambre,False,True,18.4,48.7,,28.64,0.58,509.34,10.5,56.6
2025-12-24T21:50:00,APT_102,cuisine,False,True,18.2,73.8,,205.92,11.21,2875.63,10.5,56.6
2025-12-24T21:50:00,APT_102,salon,False,True,18.2,49.6,951.0,44.49,0.63,542.61,10.5,56.6
2025-12-24T21:50:00,APT_102,sdb,False,True,18.4,76.0,,29.88,0.73,752.16,10.5,56.6
2025-12-24T22:00:00,APT_102,chambre,False,True,18.3,49.3,,29.69,0.6,511.75,9.6,56.5
2025-12-24T22:00:00,APT_102,cuisine,False,True,18.1,72.5,,198.35,10.68,2832.15,9.6,56.5
2025-12-24T22:00:00,APT_102,salon,False,True,18.3,50.0,965.0,44.05,0.62,546.25,9.6,56.5
2025-12-24T22:00:00,APT_102,sdb,False,True,18.4,75.3,,30.57,0.72,750.46,9.6,56.5
2025-12-24T22:10:00,APT_102,chambre,False,True,18.3,48.8,,30.82,0.59,511.66,9.7,58.3
2025-12-24T22:10:00,APT_102,cuisine,False,True,18.2,71.4,,191.16,10.16,2789.78,9.7,58.3
2025-12-24T22:10:00,APT_102,salon,False,True,18.3,49.8,975.0,43.5,0.64,544.64,9.7,58.3
2025-12-24T22:10:00,APT_102,sdb,False,True,18.4,74.8,,31.49,0.71,750.44,9.7,58.3
2025-12-24T22:20:00,APT_102,chambre,False,True,18.2,49.7,,31.25,0.61,512.24,9.5,57.0
2025-12-24T22:20:00,APT_102,cuisine,False,True,18.2,70.0,,185.0,9.68,2744.8,9.5,57.0
2025-12-24T22:20:00,APT_102,salon,False,True,18.3,49.0,984.0,42.75,0.66,546.92,9.5,57.0
2025-12-24T22:20:00,APT_102,sdb,False,True,18.4,74.5,,31.72,0.72,746.83,9.5,57.0
2025-12-24T22:30:00,APT_102,chambre,False,True,18.1,48.7,,31.87,0.62,517.9,9.8,57.8
2025-12-24T22:30:00,APT_102,cuisine,False,True,18.1,69.4,,178.19,9.22,2702.47,9.8,57.8
2025-12-24T22:30:00,APT_102,salon,False,True,18.3,48.2,996.0,42.37,0.66,552.26,9.8,57.8
2025-12-24T22:30:00,APT_102,sdb,False,True,18.3,73.4,,32.18,0.72,747.85,9.8,57.8
2025-12-24T22:40:00,APT_102,chambre,False,True,18.1,49.7,,31.52,0.62,518.0,9.6,58.8
2025-12-24T22:40:00,APT_102,cuisine,False,True,18.0,69.4,,171.21,8.78,2657.3,9.6,58.8
2025-12-24T22:40:00,APT_102,salon,False,True,18.3,48.0,1007.0,49.05,0.66,555.42,9.6,58.8
2025-12-24T22:40:00,APT_102,sdb,False,True,18.3,72.4,,31.79,0.73,743.65,9.6,58.8
2025-12-24T22:50:00,APT_102,chambre,False,True,18.1,50.3,,32.35,0.61,517.38,9.5,58.7
2025-12-24T22:50:00,APT_102,cuisine,False,True,18.1,68.3,,165.34,8.38,2618.88,9.5,58.7
2025-12-24T22:50:00,APT_102,salon,True,True,17.0,49.5,961.0,45.13,0.73,497.11,9.5,58.7
2025-12-24T22:50:00,APT_102,sdb,False,True,18.3,70.8,,32.57,0.72,740.08,9.5,58.7
2025-12-24T23:00:00,APT_102,chambre,False,True,18.2,49.6,,31.78,0.62,513.35,9.2,58.9
2025-12-24T23:00:00,APT_102,cuisine,False,True,18.1,67.6,,159.55,8.01,2580.39,9.2,58.9
2025-12-24T23:00:00,APT_102,salon,True,True,15.9,49.5,895.0,40.25,0.69,441.13,9.2,58.9
2025-12-24T23:00:00,APT_102,sdb,False,True,18.4,69.9,,33.26,0.71,741.67,9.2,58.9
2025-12-24T23:10:00,APT_102,chambre,False,True,18.2,48.8,,31.22,0.61,510.37,8.8,58.9
2025-12-24T23:10:00,APT_102,cuisine,False,True,18.1,67.5,,154.12,7.64,2540.8,8.8,58.9
2025-12-24T23:10:00,APT_102,salon,True,True,15.1,49.6,838.0,36.99,0.61,390.09,8.8,58.9
2025-12-24T23:10:00,APT_102,sdb,False,True,18.4,69.9,,33.83,0.7,739.44,8.8,58.9
2025-12-24T23:20:00,APT_102,chambre,False,True,18.2,48.7,,31.8,0.61,509.45,9.0,57.0
2025-12-24T23:20:00,APT_102,cuisine,False,True,18.0,67.2,,148.83,7.28,2503.89,9.0,57.0
2025-12-24T23:20:00,APT_102,salon,True,True,14.5,50.5,787.0,34.05,0.69,350.13,9.0,57.0
2025-12-24T23:20:00,APT_102,sdb,False,True,18.3,68.5,,33.57,0.69,733.71,9.0,57.0
2025-12-24T23:30:00,APT_102,chambre,False,True,18.2,49.1,,31.14,0.6,508.75,9.2,59.2
2025-12-24T23:30:00,APT_102,cuisine,False,True,17.9,65.8,,144.25,6.95,2467.74,9.2,59.2
2025-12-24T23:30:00,APT_102,salon,True,True,14.2,52.2,711.0,31.84,0.58,311.68,9.2,59.2
2025-12-24T23:30:00,APT_102,sdb,False,True,18.3,67.6,,34.13,0.68,733.49,9.2,59.2
2025-12-24T23:40:00,APT_102,chambre,False,True,18.2,48.9,,30.68,0.59,506.56,9.0,58.6
2025-12-24T23:40:00,APT_102,cuisine,False,True,17.8,64.8,,139.87,6.62,2425.05,9.0,58.6
2025-12-24T23:40:00,APT_102,salon,True,True,13.7,52.0,659.0,30.18,0.57,280.78,9.0,58.6
2025-12-24T23:40:00,APT_102,sdb,False,True,18.3,66.5,,34.36,0.69,727.16,9.0,58.6
2025-12-24T23:50:00,APT_102,chambre,False,True,18.1,49.8,,30.23,0.6,508.5,8.9,60.8
2025-12-24T23:50:00,APT_102,cuisine,False,True,17.8,65.0,,134.76,17.44,2388.44,8.9,60.8
2025-12-24T23:50:00,APT_102,salon,True,True,13.5,52.3,608.0,29.21,0.69,257.91,8.9,60.8
2025-12-24T23:50:00,APT_102,sdb,False,True,18.3,65.9,,34.83,0.69,726.42,8.9,60.8
